{
    "textimg":{
        "ver" : "1",
        "text" : [{
            "name" : "ReplaceableText1.png",
            "width" : 600,
            "height" : 520,
            "textContent" : "夏去了，秋来了\n你在，就是最美\n的西厢，岁月轮\n转，一切都是我\n要的模样。",
            "textFont" : "MicrosoftYaHei-Bold",
            "fontSrc" : "MSYHBD.TTF",
            "maxNum" : 35,
            "lineNum" : 5,
            "alignment" : "center",
            "textColor" : [
                0,
                0,
                0
            ],
            "alpha" : 1.0,
            "vertical" : 0,
            "textPadding": [
                6,
                6,
                6,
                6
            ],
            "fontSize" : 0,
            "bold" : 1,
            "italic" :1,
            "strokeColor": [
                0,
                0,
                0
            ],
            "strokeWidth":0,
            "shadowColor": [
                0,
                0,
                0
            ]
        }
        ]
    },
    "v":"5.1.17","fr":30,"ip":0,"op":90,"w":852,"h":852,"nm":"1-1","ddd":0,"assets":[{"id":"image_0","w":600,"h":520,"u":"images/","p":"img_0.png","e":0}],"layers":[{"ddd":0,"ind":1,"ty":2,"nm":"ReplaceableText1.png","cl":"png","refId":"image_0","sr":1,"ks":{"o":{"a":0,"k":100,"ix":11},"r":{"a":0,"k":0,"ix":10},"p":{"a":0,"k":[426,426,0],"ix":2},"a":{"a":0,"k":[300,260,0],"ix":1},"s":{"a":1,"k":[{"i":{"x":[0.833,0.833,0.833],"y":[0.833,0.833,0.833]},"o":{"x":[0.167,0.167,0.167],"y":[0.167,0.167,0.167]},"n":["0p833_0p833_0p167_0p167","0p833_0p833_0p167_0p167","0p833_0p833_0p167_0p167"],"t":0,"s":[90,90,100],"e":[100,100,100]},{"t":89}],"ix":6}},"ao":0,"ip":0,"op":90,"st":0,"bm":0},{"ddd":0,"ind":2,"ty":4,"nm":"形状图层 1","sr":1,"ks":{"o":{"a":0,"k":100,"ix":11},"r":{"a":0,"k":0,"ix":10},"p":{"a":0,"k":[423,425,0],"ix":2},"a":{"a":0,"k":[0,0,0],"ix":1},"s":{"a":0,"k":[100,100,100],"ix":6}},"ao":0,"shapes":[{"ty":"gr","it":[{"ty":"rc","d":1,"s":{"a":0,"k":[852,852],"ix":2},"p":{"a":0,"k":[0,0],"ix":3},"r":{"a":0,"k":0,"ix":4},"nm":"矩形路径 1","mn":"ADBE Vector Shape - Rect","hd":false},{"ty":"fl","c":{"a":0,"k":[1,1,1,1],"ix":4},"o":{"a":0,"k":100,"ix":5},"r":1,"nm":"填充 1","mn":"ADBE Vector Graphic - Fill","hd":false},{"ty":"tr","p":{"a":0,"k":[3,1],"ix":2},"a":{"a":0,"k":[0,0],"ix":1},"s":{"a":0,"k":[100,100],"ix":3},"r":{"a":0,"k":0,"ix":6},"o":{"a":0,"k":100,"ix":7},"sk":{"a":0,"k":0,"ix":4},"sa":{"a":0,"k":0,"ix":5},"nm":"变换"}],"nm":"矩形 1","np":3,"cix":2,"ix":1,"mn":"ADBE Vector Group","hd":false}],"ip":0,"op":90,"st":0,"bm":0}],"markers":[]}