{
    "textimg":{
        "ver" : "1",
        "text" : [
            {
                "name" : "ReplaceableText11.png",
                "width" : 375,
                "height" : 53,
                "textContent" : "嗨朋友你还好吗？",
                "textFont" : "MicrosoftYaHei-Bold",
                "fontSrc" : "MSYHBD.TTF",
                "maxNum" : 8,
                "lineNum" : 1,
                "alignment" : "left",
                "textColor" : [
                    0,
                    0,
                    0
                ],
                "alpha" : 1.0,
                "vertical" : 0,
                "textPadding": [
                    6,
                    6,
                    6,
                    6
                ],
                "fontSize" : 46,
                "bold" : 1,
                "italic" : 0,
                "strokeColor": [
                    255,
                    0,
                    0
                ],
                "singleline":1,
                "strokeWidth":0,
                "shadowColor": [
                    0,
                    0,
                    0
                ]
            },
            {
                "name" : "ReplaceableText12.png",
                "width" : 375,
                "height" : 71,
                "suggestion" : "很高兴见到你",
                "textFont" : "MicrosoftYaHei-Bold",
                "fontSrc" : "MSYHBD.TTF",
                "maxNum" : 6,
                "lineNum" : 1,
                "alignment" : "left",
                "textColor" : [
                    230,
                    0,
                    18
                ],
                "alpha" : 1.0,
                "vertical" : 0,
                "textPadding": [
                    6,
                    6,
                    6,
                    6
                ],
                "fontSize" :60,
                "bold" : 1,
                "italic" : 0,
                "strokeColor": [
                    255,
                    0,
                    0
                ],
                "singleline":1,
                "strokeWidth":0,
                "shadowColor": [
                    0,
                    0,
                    0
                ]
            },
            {
                "name" : "ReplaceableText13.png",
                "width" : 375,
                "height" : 96,
                "suggestion" : "我在这里",
                "textFont" : "MicrosoftYaHei-Bold",
                "fontSrc" : "MSYHBD.TTF",
                "maxNum" : 4,
                "lineNum" : 1,
                "alignment" : "left",
                "textColor" : [
                    0,
                    0,
                    0
                ],
                "alpha" : 1.0,
                "vertical" : 0,
                "textPadding": [
                    6,
                    6,
                    6,
                    6
                ],
                "fontSize" : 90,
                "bold" : 1,
                "italic" : 0,
                "strokeColor": [
                    255,
                    0,
                    0
                ],
                "singleline":1,
                "strokeWidth":0,
                "shadowColor": [
                    0,
                    0,
                    0
                ]
            },
            {
                "name" : "ReplaceableText14.png",
                "width" : 375,
                "height" : 80,
                "suggestion" : "你在哪儿呢",
                "textFont" : "MicrosoftYaHei-Bold",
                "fontSrc" : "MSYHBD.TTF",
                "maxNum" : 5,
                "lineNum" : 1,
                "alignment" : "left",
                "textColor" : [
                    230,
                    0,
                    18
                ],
                "alpha" : 1.0,
                "vertical" : 0,
                "textPadding": [
                    6,
                    6,
                    6,
                    6
                ],
                "fontSize" : 75,
                "bold" : 1,
                "italic" : 0,
                "strokeColor": [
                    255,
                    0,
                    0
                ],
                "singleline":1,
                "strokeWidth":0,
                "shadowColor": [
                    0,
                    0,
                    0
                ]
            },
            {
                "name" : "ReplaceableText15.png",
                "width" : 375,
                "height" : 128,
                "suggestion" : "天冷了",
                "textFont" : "MicrosoftYaHei-Bold",
                "fontSrc" : "MSYHBD.TTF",
                "maxNum" : 3,
                "lineNum" : 1,
                "alignment" : "left",
                "textColor" : [
                    0,
                    0,
                    0
                ],
                "alpha" : 1.0,
                "vertical" : 0,
                "textPadding": [
                    6,
                    6,
                    6,
                    6
                ],
                "fontSize" : 120,
                "bold" : 1,
                "italic" : 0,
                "strokeColor": [
                    255,
                    0,
                    0
                ],
                "singleline":1,
                "strokeWidth":0,
                "shadowColor": [
                    0,
                    0,
                    0
                ]
            },
            {
                "name" : "ReplaceableText16.png",
                "width" : 375,
                "height" : 190,
                "suggestion" : "记得",
                "textFont" : "MicrosoftYaHei-Bold",
                "fontSrc" : "MSYHBD.TTF",
                "maxNum" : 2,
                "lineNum" : 1,
                "alignment" : "left",
                "textColor" : [
                    230,
                    0,
                    18
                ],
                "alpha" : 1.0,
                "vertical" : 0,
                "textPadding": [
                    6,
                    6,
                    6,
                    6
                ],
                "fontSize" : 180,
                "bold" : 1,
                "italic" : 0,
                "strokeColor": [
                    255,
                    0,
                    0
                ],
                "singleline":1,
                "strokeWidth":0,
                "shadowColor": [
                    0,
                    0,
                    0
                ]
            },
            {
                "name" : "ReplaceableText17.png",
                "width" : 375,
                "height" : 129,
                "suggestion" : "穿厚点",
                "textFont" : "MicrosoftYaHei-Bold",
                "fontSrc" : "MSYHBD.TTF",
                "maxNum" : 3,
                "lineNum" : 1,
                "alignment" : "left",
                "textColor" : [
                    0,
                    0,
                    0
                ],
                "alpha" : 1.0,
                "vertical" : 0,
                "textPadding": [
                    6,
                    6,
                    6,
                    6
                ],
                "fontSize" : 120,
                "bold" : 1,
                "italic" : 0,
                "strokeColor": [
                    255,
                    0,
                    0
                ],
                "singleline":1,
                "strokeWidth":0,
                "shadowColor": [
                    0,
                    0,
                    0
                ]
            },
            {
                "name" : "ReplaceableText18.png",
                "width" : 375,
                "height" : 100,
                "suggestion" : "想喝酒了",
                "textFont" : "MicrosoftYaHei-Bold",
                "fontSrc" : "MSYHBD.TTF",
                "maxNum" : 4,
                "lineNum" : 1,
                "alignment" : "left",
                "textColor" : [
                    230,
                    0,
                    18
                ],
                "alpha" : 1.0,
                "vertical" : 0,
                "textPadding": [
                    6,
                    6,
                    6,
                    6
                ],
                "fontSize" : 90,
                "bold" : 1,
                "italic" : 0,
                "strokeColor": [
                    255,
                    0,
                    0
                ],
                "singleline":1,
                "strokeWidth":0,
                "shadowColor": [
                    0,
                    0,
                    0
                ]
            },
            {
                "name" : "ReplaceableText19.png",
                "width" : 375,
                "height" : 82,
                "suggestion" : "记得找我哦",
                "textFont" : "MicrosoftYaHei-Bold",
                "fontSrc" : "MSYHBD.TTF",
                "maxNum" : 5,
                "lineNum" : 1,
                "alignment" : "left",
                "textColor" : [
                    0,
                    0,
                    0
                ],
                "alpha" : 1.0,
                "vertical" : 0,
                "textPadding": [
                    6,
                    6,
                    6,
                    6
                ],
                "fontSize" : 70,
                "bold" : 1,
                "italic" : 0,
                "strokeColor": [
                    255,
                    0,
                    0
                ],
                "singleline":1,
                "strokeWidth":0,
                "shadowColor": [
                    0,
                    0,
                    0
                ]
            },
            {
                "name" : "ReplaceableText20.png",
                "width" : 375,
                "height" : 83,
                "suggestion" : "我随时都在",
                "textFont" : "MicrosoftYaHei-Bold",
                "fontSrc" : "MSYHBD.TTF",
                "maxNum" : 5,
                "lineNum" : 1,
                "alignment" : "left",
                "textColor" : [
                    230,
                    0,
                    18
                ],
                "alpha" : 1.0,
                "vertical" : 0,
                "textPadding": [
                    6,
                    6,
                    6,
                    6
                ],
                "fontSize" : 70,
                "bold" : 1,
                "italic" : 0,
                "strokeColor": [
                    255,
                    0,
                    0
                ],
                "singleline":1,
                "strokeWidth":0,
                "shadowColor": [
                    0,
                    0,
                    0
                ]
            }
        ]
    },
"v":"5.1.17","fr":30,"ip":0,"op":420,"w":480,"h":852,"nm":"9-19","ddd":0,"assets":[{"id":"image_0","w":375,"h":83,"u":"images/","p":"img_0.png","e":0},{"id":"image_1","w":375,"h":82,"u":"images/","p":"img_1.png","e":0},{"id":"image_2","w":375,"h":100,"u":"images/","p":"img_2.png","e":0},{"id":"image_3","w":375,"h":129,"u":"images/","p":"img_3.png","e":0},{"id":"image_4","w":375,"h":190,"u":"images/","p":"img_4.png","e":0},{"id":"image_5","w":375,"h":128,"u":"images/","p":"img_5.png","e":0},{"id":"image_6","w":375,"h":80,"u":"images/","p":"img_6.png","e":0},{"id":"image_7","w":375,"h":96,"u":"images/","p":"img_7.png","e":0},{"id":"image_8","w":375,"h":71,"u":"images/","p":"img_8.png","e":0},{"id":"image_9","w":375,"h":53,"u":"images/","p":"img_9.png","e":0},{"id":"comp_0","layers":[{"ddd":0,"ind":1,"ty":2,"nm":"ReplaceableText14.png","cl":"png","refId":"image_6","sr":1,"ks":{"o":{"a":0,"k":100,"ix":11},"r":{"a":0,"k":0,"ix":10},"p":{"a":1,"k":[{"i":{"x":0.833,"y":0.833},"o":{"x":0.167,"y":0.167},"n":"0p833_0p833_0p167_0p167","t":154,"s":[78,466.5,0],"e":[78,393.5,0],"to":[0,-12.1666669845581,0],"ti":[0,12.1666669845581,0]},{"t":163}],"ix":2},"a":{"a":0,"k":[9.5,1.5,0],"ix":1},"s":{"a":1,"k":[{"i":{"x":[0.833,0.833,0.833],"y":[0.833,0.833,0.833]},"o":{"x":[0.167,0.167,0.167],"y":[0.167,0.167,0.167]},"n":["0p833_0p833_0p167_0p167","0p833_0p833_0p167_0p167","0p833_0p833_0p167_0p167"],"t":154,"s":[0,0,100],"e":[87,87,100]},{"t":163}],"ix":6}},"ao":0,"ip":154,"op":420,"st":0,"bm":0},{"ddd":0,"ind":2,"ty":2,"nm":"ReplaceableText13.png","cl":"png","refId":"image_7","sr":1,"ks":{"o":{"a":0,"k":100,"ix":11},"r":{"a":0,"k":0,"ix":10},"p":{"a":1,"k":[{"i":{"x":0.833,"y":0.833},"o":{"x":0.167,"y":0.167},"n":"0p833_0p833_0p167_0p167","t":110,"s":[73.5,471,0],"e":[73.5,384,0],"to":[0,-14.5,0],"ti":[0,14.5,0]},{"i":{"x":0.833,"y":0.833},"o":{"x":0.167,"y":0.167},"n":"0p833_0p833_0p167_0p167","t":120,"s":[73.5,384,0],"e":[73.5,384,0],"to":[0,0,0],"ti":[0,0,0]},{"i":{"x":0.833,"y":0.833},"o":{"x":0.167,"y":0.167},"n":"0p833_0p833_0p167_0p167","t":153,"s":[73.5,384,0],"e":[73.5,327.5,0],"to":[0,-9.41666698455811,0],"ti":[0,9.41666698455811,0]},{"t":163}],"ix":2},"a":{"a":0,"k":[2.5,1.5,0],"ix":1},"s":{"a":1,"k":[{"i":{"x":[0.833,0.833,0.833],"y":[0.833,0.833,0.833]},"o":{"x":[0.167,0.167,0.167],"y":[0.167,0.167,0.167]},"n":["0p833_0p833_0p167_0p167","0p833_0p833_0p167_0p167","0p833_0p833_0p167_0p167"],"t":110,"s":[0,0,100],"e":[87,87,100]},{"i":{"x":[0.833,0.833,0.833],"y":[0.833,0.833,0.833]},"o":{"x":[0.167,0.167,0.167],"y":[0.167,0.167,0.167]},"n":["0p833_0p833_0p167_0p167","0p833_0p833_0p167_0p167","0p833_0p833_0p167_0p167"],"t":120,"s":[87,87,100],"e":[87,87,100]},{"i":{"x":[0.833,0.833,0.833],"y":[0.833,0.833,0.833]},"o":{"x":[0.167,0.167,0.167],"y":[0.167,0.167,0.167]},"n":["0p833_0p833_0p167_0p167","0p833_0p833_0p167_0p167","0p833_0p833_0p167_0p167"],"t":153,"s":[87,87,100],"e":[61,61,100]},{"t":163}],"ix":6}},"ao":0,"ip":110,"op":420,"st":0,"bm":0},{"ddd":0,"ind":3,"ty":2,"nm":"ReplaceableText12.png","cl":"png","refId":"image_8","sr":1,"ks":{"o":{"a":0,"k":100,"ix":11},"r":{"a":1,"k":[{"i":{"x":[0.833],"y":[0.833]},"o":{"x":[0.167],"y":[0.167]},"n":["0p833_0p833_0p167_0p167"],"t":94,"s":[90],"e":[0]},{"t":103}],"ix":10},"p":{"a":1,"k":[{"i":{"x":0.833,"y":0.833},"o":{"x":0.167,"y":0.167},"n":"0p833_0p833_0p167_0p167","t":110,"s":[73.25,454.25,0],"e":[73.25,374.25,0],"to":[0,-13.3333330154419,0],"ti":[0,13.3333330154419,0]},{"i":{"x":0.833,"y":0.833},"o":{"x":0.167,"y":0.167},"n":"0p833_0p833_0p167_0p167","t":120,"s":[73.25,374.25,0],"e":[73.25,374.25,0],"to":[0,0,0],"ti":[0,0,0]},{"i":{"x":0.833,"y":0.833},"o":{"x":0.167,"y":0.167},"n":"0p833_0p833_0p167_0p167","t":153,"s":[73.25,374.25,0],"e":[73.25,317.75,0],"to":[0,-9.41666698455811,0],"ti":[0,9.41666698455811,0]},{"t":163}],"ix":2},"a":{"a":0,"k":[2.222,66.889,0],"ix":1},"s":{"a":1,"k":[{"i":{"x":[0.833,0.833,0.833],"y":[0.833,0.833,0.833]},"o":{"x":[0.167,0.167,0.167],"y":[0.167,0.167,0.167]},"n":["0p833_0p833_0p167_0p167","0p833_0p833_0p167_0p167","0p833_0p833_0p167_0p167"],"t":94,"s":[0,0,100],"e":[90,90,100]},{"i":{"x":[0.833,0.833,0.833],"y":[0.833,0.833,0.833]},"o":{"x":[0.167,0.167,0.167],"y":[0.167,0.167,0.167]},"n":["0p833_0p833_0p167_0p167","0p833_0p833_0p167_0p167","0p833_0p833_0p167_0p167"],"t":103,"s":[90,90,100],"e":[90,90,100]},{"i":{"x":[0.833,0.833,0.833],"y":[0.833,0.833,0.833]},"o":{"x":[0.167,0.167,0.167],"y":[0.167,0.167,0.167]},"n":["0p833_0p833_0p167_0p167","0p833_0p833_0p167_0p167","0p833_0p833_0p167_0p167"],"t":110,"s":[90,90,100],"e":[58,58,100]},{"i":{"x":[0.833,0.833,0.833],"y":[0.833,0.833,0.833]},"o":{"x":[0.167,0.167,0.167],"y":[0.167,0.167,0.167]},"n":["0p833_0p833_0p167_0p167","0p833_0p833_0p167_0p167","0p833_0p833_0p167_0p167"],"t":120,"s":[58,58,100],"e":[58,58,100]},{"i":{"x":[0.833,0.833,0.833],"y":[0.833,0.833,0.833]},"o":{"x":[0.167,0.167,0.167],"y":[0.167,0.167,0.167]},"n":["0p833_0p833_0p167_0p167","0p833_0p833_0p167_0p167","0p833_0p833_0p167_0p167"],"t":153,"s":[58,58,100],"e":[32,32,100]},{"t":163}],"ix":6}},"ao":0,"ip":94,"op":420,"st":0,"bm":0},{"ddd":0,"ind":4,"ty":2,"nm":"ReplaceableText11.png","cl":"png","refId":"image_9","sr":1,"ks":{"o":{"a":0,"k":100,"ix":11},"r":{"a":1,"k":[{"i":{"x":[0.833],"y":[0.833]},"o":{"x":[0.167],"y":[0.167]},"n":["0p833_0p833_0p167_0p167"],"t":94,"s":[0],"e":[-90]},{"t":103}],"ix":10},"p":{"a":1,"k":[{"i":{"x":0.833,"y":0.833},"o":{"x":0.167,"y":0.167},"n":"0p833_0p833_0p167_0p167","t":94,"s":[53,452,0],"e":[69,454.5,0],"to":[2.66666674613953,0.41666665673256,0],"ti":[-2.66666674613953,-0.41666665673256,0]},{"i":{"x":0.833,"y":0.833},"o":{"x":0.167,"y":0.167},"n":"0p833_0p833_0p167_0p167","t":103,"s":[69,454.5,0],"e":[69,454.5,0],"to":[0,0,0],"ti":[0,0,0]},{"i":{"x":0.833,"y":0.833},"o":{"x":0.167,"y":0.167},"n":"0p833_0p833_0p167_0p167","t":110,"s":[69,454.5,0],"e":[69,374.5,0],"to":[0,-13.3333330154419,0],"ti":[0,13.3333330154419,0]},{"i":{"x":0.833,"y":0.833},"o":{"x":0.167,"y":0.167},"n":"0p833_0p833_0p167_0p167","t":120,"s":[69,374.5,0],"e":[69,374.5,0],"to":[0,0,0],"ti":[0,0,0]},{"i":{"x":0.833,"y":0.833},"o":{"x":0.167,"y":0.167},"n":"0p833_0p833_0p167_0p167","t":153,"s":[69,374.5,0],"e":[69,318,0],"to":[0,-9.41666698455811,0],"ti":[0,9.41666698455811,0]},{"t":163}],"ix":2},"a":{"a":0,"k":[0.5,52.5,0],"ix":1},"s":{"a":1,"k":[{"i":{"x":[0.833,0.833,0.833],"y":[0.833,0.833,0.833]},"o":{"x":[0.167,0.167,0.167],"y":[0.167,0.167,0.167]},"n":["0p833_0p833_0p167_0p167","0p833_0p833_0p167_0p167","0p833_0p833_0p167_0p167"],"t":110,"s":[100,100,100],"e":[68,68,100]},{"i":{"x":[0.833,0.833,0.833],"y":[0.833,0.833,0.833]},"o":{"x":[0.167,0.167,0.167],"y":[0.167,0.167,0.167]},"n":["0p833_0p833_0p167_0p167","0p833_0p833_0p167_0p167","0p833_0p833_0p167_0p167"],"t":120,"s":[68,68,100],"e":[68,68,100]},{"i":{"x":[0.833,0.833,0.833],"y":[0.833,0.833,0.833]},"o":{"x":[0.167,0.167,0.167],"y":[0.167,0.167,0.167]},"n":["0p833_0p833_0p167_0p167","0p833_0p833_0p167_0p167","0p833_0p833_0p167_0p167"],"t":153,"s":[68,68,100],"e":[42,42,100]},{"t":163}],"ix":6}},"ao":0,"ip":2,"op":420,"st":0,"bm":0}]}],"layers":[{"ddd":0,"ind":1,"ty":2,"nm":"ReplaceableText20.png","cl":"png","refId":"image_0","sr":1,"ks":{"o":{"a":0,"k":100,"ix":11},"r":{"a":0,"k":0,"ix":10},"p":{"a":1,"k":[{"i":{"x":0.833,"y":0.833},"o":{"x":0.167,"y":0.167},"n":"0p833_0p833_0p167_0p167","t":385,"s":[82.5,451,0],"e":[82.5,392.94,0],"to":[0,-9.67666625976563,0],"ti":[0,9.67666625976563,0]},{"t":395}],"ix":2},"a":{"a":0,"k":[2,3.5,0],"ix":1},"s":{"a":1,"k":[{"i":{"x":[0.833,0.833,0.833],"y":[0.833,0.833,0.833]},"o":{"x":[0.167,0.167,0.167],"y":[0.167,0.167,0.167]},"n":["0p833_0p833_0p167_0p167","0p833_0p833_0p167_0p167","0p833_0p833_0p167_0p167"],"t":385,"s":[0,0,100],"e":[87,87,100]},{"t":395}],"ix":6}},"ao":0,"ip":385,"op":420,"st":0,"bm":0},{"ddd":0,"ind":2,"ty":2,"nm":"ReplaceableText19.png","cl":"png","refId":"image_1","sr":1,"ks":{"o":{"a":0,"k":100,"ix":11},"r":{"a":0,"k":0,"ix":10},"p":{"a":1,"k":[{"i":{"x":0.833,"y":0.833},"o":{"x":0.167,"y":0.167},"n":"0p833_0p833_0p167_0p167","t":341,"s":[79,467,0],"e":[79,383,0],"to":[0,-14,0],"ti":[0,14,0]},{"i":{"x":0.833,"y":0.833},"o":{"x":0.167,"y":0.167},"n":"0p833_0p833_0p167_0p167","t":351,"s":[79,383,0],"e":[79,383,0],"to":[0,0,0],"ti":[0,0,0]},{"i":{"x":0.833,"y":0.833},"o":{"x":0.167,"y":0.167},"n":"0p833_0p833_0p167_0p167","t":385,"s":[79,383,0],"e":[79,335.5,0],"to":[0,-7.91666650772095,0],"ti":[0,7.91666650772095,0]},{"t":395}],"ix":2},"a":{"a":0,"k":[1,3.5,0],"ix":1},"s":{"a":1,"k":[{"i":{"x":[0.833,0.833,0.833],"y":[0.833,0.833,0.833]},"o":{"x":[0.167,0.167,0.167],"y":[0.167,0.167,0.167]},"n":["0p833_0p833_0p167_0p167","0p833_0p833_0p167_0p167","0p833_0p833_0p167_0p167"],"t":341,"s":[0,0,100],"e":[88,88,100]},{"i":{"x":[0.833,0.833,0.833],"y":[0.833,0.833,0.833]},"o":{"x":[0.167,0.167,0.167],"y":[0.167,0.167,0.167]},"n":["0p833_0p833_0p167_0p167","0p833_0p833_0p167_0p167","0p833_0p833_0p167_0p167"],"t":351,"s":[88,88,100],"e":[88,88,100]},{"i":{"x":[0.833,0.833,0.833],"y":[0.833,0.833,0.833]},"o":{"x":[0.167,0.167,0.167],"y":[0.167,0.167,0.167]},"n":["0p833_0p833_0p167_0p167","0p833_0p833_0p167_0p167","0p833_0p833_0p167_0p167"],"t":385,"s":[88,88,100],"e":[57,57,100]},{"t":395}],"ix":6}},"ao":0,"ip":341,"op":420,"st":0,"bm":0},{"ddd":0,"ind":3,"ty":2,"nm":"ReplaceableText18.png","cl":"png","refId":"image_2","sr":1,"ks":{"o":{"a":0,"k":100,"ix":11},"r":{"a":0,"k":0,"ix":10},"p":{"a":1,"k":[{"i":{"x":0.833,"y":0.833},"o":{"x":0.167,"y":0.167},"n":"0p833_0p833_0p167_0p167","t":299,"s":[77.75,453.5,0],"e":[77.75,375.5,0],"to":[0,-13,0],"ti":[0,13,0]},{"i":{"x":0.833,"y":0.833},"o":{"x":0.167,"y":0.167},"n":"0p833_0p833_0p167_0p167","t":310,"s":[77.75,375.5,0],"e":[77.75,375.5,0],"to":[0,0,0],"ti":[0,0,0]},{"i":{"x":0.833,"y":0.833},"o":{"x":0.167,"y":0.167},"n":"0p833_0p833_0p167_0p167","t":341,"s":[77.75,375.5,0],"e":[77.75,237.5,0],"to":[0,-23,0],"ti":[0,23,0]},{"i":{"x":0.833,"y":0.833},"o":{"x":0.167,"y":0.167},"n":"0p833_0p833_0p167_0p167","t":351,"s":[77.75,237.5,0],"e":[77.75,237.5,0],"to":[0,0,0],"ti":[0,0,0]},{"i":{"x":0.833,"y":0.833},"o":{"x":0.167,"y":0.167},"n":"0p833_0p833_0p167_0p167","t":385,"s":[77.75,237.5,0],"e":[77.75,223.5,0],"to":[0,-2.33333325386047,0],"ti":[0,2.33333325386047,0]},{"t":395}],"ix":2},"a":{"a":0,"k":[2.5,2,0],"ix":1},"s":{"a":1,"k":[{"i":{"x":[0.833,0.833,0.833],"y":[0.833,0.833,0.833]},"o":{"x":[0.167,0.167,0.167],"y":[0.167,0.167,0.167]},"n":["0p833_0p833_0p167_0p167","0p833_0p833_0p167_0p167","0p833_0p833_0p167_0p167"],"t":299,"s":[0,0,100],"e":[86,86,100]},{"i":{"x":[0.833,0.833,0.833],"y":[0.833,0.833,0.833]},"o":{"x":[0.167,0.167,0.167],"y":[0.167,0.167,0.167]},"n":["0p833_0p833_0p167_0p167","0p833_0p833_0p167_0p167","0p833_0p833_0p167_0p167"],"t":310,"s":[86,86,100],"e":[86,86,100]},{"i":{"x":[0.833,0.833,0.833],"y":[0.833,0.833,0.833]},"o":{"x":[0.167,0.167,0.167],"y":[0.167,0.167,0.167]},"n":["0p833_0p833_0p167_0p167","0p833_0p833_0p167_0p167","0p833_0p833_0p167_0p167"],"t":341,"s":[86,86,100],"e":[140,140,100]},{"i":{"x":[0.833,0.833,0.833],"y":[0.833,0.833,0.833]},"o":{"x":[0.167,0.167,0.167],"y":[0.167,0.167,0.167]},"n":["0p833_0p833_0p167_0p167","0p833_0p833_0p167_0p167","0p833_0p833_0p167_0p167"],"t":351,"s":[140,140,100],"e":[140,140,100]},{"i":{"x":[0.833,0.833,0.833],"y":[0.833,0.833,0.833]},"o":{"x":[0.167,0.167,0.167],"y":[0.167,0.167,0.167]},"n":["0p833_0p833_0p167_0p167","0p833_0p833_0p167_0p167","0p833_0p833_0p167_0p167"],"t":385,"s":[140,140,100],"e":[109,109,100]},{"t":395}],"ix":6}},"ao":0,"ip":299,"op":420,"st":0,"bm":0},{"ddd":0,"ind":4,"ty":2,"nm":"ReplaceableText17.png","cl":"png","refId":"image_3","sr":1,"ks":{"o":{"a":0,"k":100,"ix":11},"r":{"a":0,"k":0,"ix":10},"p":{"a":1,"k":[{"i":{"x":0.833,"y":0.833},"o":{"x":0.167,"y":0.167},"n":"0p833_0p833_0p167_0p167","t":254,"s":[86,434,0],"e":[86,351,0],"to":[0,-13.8333330154419,0],"ti":[0,13.8333330154419,0]},{"i":{"x":0.833,"y":0.833},"o":{"x":0.167,"y":0.167},"n":"0p833_0p833_0p167_0p167","t":262,"s":[86,351,0],"e":[86,351,0],"to":[0,0,0],"ti":[0,0,0]},{"i":{"x":0.833,"y":0.833},"o":{"x":0.167,"y":0.167},"n":"0p833_0p833_0p167_0p167","t":299,"s":[86,351,0],"e":[86,269,0],"to":[0,-13.6666669845581,0],"ti":[0,13.6666669845581,0]},{"i":{"x":0.833,"y":0.833},"o":{"x":0.167,"y":0.167},"n":"0p833_0p833_0p167_0p167","t":309,"s":[86,269,0],"e":[86,269,0],"to":[0,0,0],"ti":[0,0,0]},{"i":{"x":0.833,"y":0.833},"o":{"x":0.167,"y":0.167},"n":"0p833_0p833_0p167_0p167","t":341,"s":[86,269,0],"e":[86,66,0],"to":[0,-33.8333320617676,0],"ti":[0,33.8333320617676,0]},{"i":{"x":0.833,"y":0.833},"o":{"x":0.167,"y":0.167},"n":"0p833_0p833_0p167_0p167","t":351,"s":[86,66,0],"e":[86,66,0],"to":[0,0,0],"ti":[0,0,0]},{"i":{"x":0.833,"y":0.833},"o":{"x":0.167,"y":0.167},"n":"0p833_0p833_0p167_0p167","t":385,"s":[86,66,0],"e":[86,90,0],"to":[0,4,0],"ti":[0,-4,0]},{"t":395}],"ix":2},"a":{"a":0,"k":[10.5,3.5,0],"ix":1},"s":{"a":1,"k":[{"i":{"x":[0.833,0.833,0.833],"y":[0.833,0.833,0.833]},"o":{"x":[0.167,0.167,0.167],"y":[0.167,0.167,0.167]},"n":["0p833_0p833_0p167_0p167","0p833_0p833_0p167_0p167","0p833_0p833_0p167_0p167"],"t":254,"s":[0,0,100],"e":[93,93,100]},{"i":{"x":[0.833,0.833,0.833],"y":[0.833,0.833,0.833]},"o":{"x":[0.167,0.167,0.167],"y":[0.167,0.167,0.167]},"n":["0p833_0p833_0p167_0p167","0p833_0p833_0p167_0p167","0p833_0p833_0p167_0p167"],"t":262,"s":[93,93,100],"e":[93,93,100]},{"i":{"x":[0.833,0.833,0.833],"y":[0.833,0.833,0.833]},"o":{"x":[0.167,0.167,0.167],"y":[0.167,0.167,0.167]},"n":["0p833_0p833_0p167_0p167","0p833_0p833_0p167_0p167","0p833_0p833_0p167_0p167"],"t":299,"s":[93,93,100],"e":[78,78,100]},{"i":{"x":[0.833,0.833,0.833],"y":[0.833,0.833,0.833]},"o":{"x":[0.167,0.167,0.167],"y":[0.167,0.167,0.167]},"n":["0p833_0p833_0p167_0p167","0p833_0p833_0p167_0p167","0p833_0p833_0p167_0p167"],"t":309,"s":[78,78,100],"e":[78,78,100]},{"i":{"x":[0.833,0.833,0.833],"y":[0.833,0.833,0.833]},"o":{"x":[0.167,0.167,0.167],"y":[0.167,0.167,0.167]},"n":["0p833_0p833_0p167_0p167","0p833_0p833_0p167_0p167","0p833_0p833_0p167_0p167"],"t":341,"s":[78,78,100],"e":[132,132,100]},{"i":{"x":[0.833,0.833,0.833],"y":[0.833,0.833,0.833]},"o":{"x":[0.167,0.167,0.167],"y":[0.167,0.167,0.167]},"n":["0p833_0p833_0p167_0p167","0p833_0p833_0p167_0p167","0p833_0p833_0p167_0p167"],"t":351,"s":[132,132,100],"e":[132,132,100]},{"i":{"x":[0.833,0.833,0.833],"y":[0.833,0.833,0.833]},"o":{"x":[0.167,0.167,0.167],"y":[0.167,0.167,0.167]},"n":["0p833_0p833_0p167_0p167","0p833_0p833_0p167_0p167","0p833_0p833_0p167_0p167"],"t":385,"s":[132,132,100],"e":[101,101,100]},{"t":395}],"ix":6}},"ao":0,"ip":254,"op":420,"st":0,"bm":0},{"ddd":0,"ind":5,"ty":2,"nm":"ReplaceableText16.png","cl":"png","refId":"image_4","sr":1,"ks":{"o":{"a":0,"k":100,"ix":11},"r":{"a":0,"k":0,"ix":10},"p":{"a":1,"k":[{"i":{"x":0.833,"y":0.833},"o":{"x":0.167,"y":0.167},"n":"0p833_0p833_0p167_0p167","t":231,"s":[83,455,0],"e":[83,376,0],"to":[0,-13.1666669845581,0],"ti":[0,13.1666669845581,0]},{"i":{"x":0.833,"y":0.833},"o":{"x":0.167,"y":0.167},"n":"0p833_0p833_0p167_0p167","t":241,"s":[83,376,0],"e":[83,376,0],"to":[0,0,0],"ti":[0,0,0]},{"i":{"x":0.833,"y":0.833},"o":{"x":0.167,"y":0.167},"n":"0p833_0p833_0p167_0p167","t":254,"s":[83,376,0],"e":[83,259.5,0],"to":[0,-19.4166660308838,0],"ti":[0,19.4166660308838,0]},{"i":{"x":0.833,"y":0.833},"o":{"x":0.167,"y":0.167},"n":"0p833_0p833_0p167_0p167","t":262,"s":[83,259.5,0],"e":[83,259.5,0],"to":[0,0,0],"ti":[0,0,0]},{"i":{"x":0.833,"y":0.833},"o":{"x":0.167,"y":0.167},"n":"0p833_0p833_0p167_0p167","t":299,"s":[83,259.5,0],"e":[83,207.5,0],"to":[0,-8.66666698455811,0],"ti":[0,8.66666698455811,0]},{"i":{"x":0.833,"y":0.833},"o":{"x":0.167,"y":0.167},"n":"0p833_0p833_0p167_0p167","t":309,"s":[83,207.5,0],"e":[83,207.5,0],"to":[0,0,0],"ti":[0,0,0]},{"i":{"x":0.833,"y":0.833},"o":{"x":0.167,"y":0.167},"n":"0p833_0p833_0p167_0p167","t":341,"s":[83,207.5,0],"e":[83,-98.5,0],"to":[0,-51,0],"ti":[0,51,0]},{"i":{"x":0.833,"y":0.833},"o":{"x":0.167,"y":0.167},"n":"0p833_0p833_0p167_0p167","t":351,"s":[83,-98.5,0],"e":[83,-98.5,0],"to":[0,0,0],"ti":[0,0,0]},{"i":{"x":0.833,"y":0.833},"o":{"x":0.167,"y":0.167},"n":"0p833_0p833_0p167_0p167","t":385,"s":[83,-98.5,0],"e":[83,-12.5,0],"to":[0,14.3333330154419,0],"ti":[0,-14.3333330154419,0]},{"t":395}],"ix":2},"a":{"a":0,"k":[3.5,2,0],"ix":1},"s":{"a":1,"k":[{"i":{"x":[0.833,0.833,0.833],"y":[0.833,0.833,0.833]},"o":{"x":[0.167,0.167,0.167],"y":[0.167,0.167,0.167]},"n":["0p833_0p833_0p167_0p167","0p833_0p833_0p167_0p167","0p833_0p833_0p167_0p167"],"t":231,"s":[0,0,100],"e":[55,55,100]},{"i":{"x":[0.833,0.833,0.833],"y":[0.833,0.833,0.833]},"o":{"x":[0.167,0.167,0.167],"y":[0.167,0.167,0.167]},"n":["0p833_0p833_0p167_0p167","0p833_0p833_0p167_0p167","0p833_0p833_0p167_0p167"],"t":241,"s":[55,55,100],"e":[55,55,100]},{"i":{"x":[0.833,0.833,0.833],"y":[0.833,0.833,0.833]},"o":{"x":[0.167,0.167,0.167],"y":[0.167,0.167,0.167]},"n":["0p833_0p833_0p167_0p167","0p833_0p833_0p167_0p167","0p833_0p833_0p167_0p167"],"t":254,"s":[55,55,100],"e":[41,41,100]},{"i":{"x":[0.833,0.833,0.833],"y":[0.833,0.833,0.833]},"o":{"x":[0.167,0.167,0.167],"y":[0.167,0.167,0.167]},"n":["0p833_0p833_0p167_0p167","0p833_0p833_0p167_0p167","0p833_0p833_0p167_0p167"],"t":262,"s":[41,41,100],"e":[41,41,100]},{"i":{"x":[0.833,0.833,0.833],"y":[0.833,0.833,0.833]},"o":{"x":[0.167,0.167,0.167],"y":[0.167,0.167,0.167]},"n":["0p833_0p833_0p167_0p167","0p833_0p833_0p167_0p167","0p833_0p833_0p167_0p167"],"t":299,"s":[41,41,100],"e":[26,26,100]},{"i":{"x":[0.833,0.833,0.833],"y":[0.833,0.833,0.833]},"o":{"x":[0.167,0.167,0.167],"y":[0.167,0.167,0.167]},"n":["0p833_0p833_0p167_0p167","0p833_0p833_0p167_0p167","0p833_0p833_0p167_0p167"],"t":309,"s":[26,26,100],"e":[26,26,100]},{"i":{"x":[0.833,0.833,0.833],"y":[0.833,0.833,0.833]},"o":{"x":[0.167,0.167,0.167],"y":[0.167,0.167,0.167]},"n":["0p833_0p833_0p167_0p167","0p833_0p833_0p167_0p167","0p833_0p833_0p167_0p167"],"t":341,"s":[26,26,100],"e":[80,80,100]},{"i":{"x":[0.833,0.833,0.833],"y":[0.833,0.833,0.833]},"o":{"x":[0.167,0.167,0.167],"y":[0.167,0.167,0.167]},"n":["0p833_0p833_0p167_0p167","0p833_0p833_0p167_0p167","0p833_0p833_0p167_0p167"],"t":351,"s":[80,80,100],"e":[80,80,100]},{"i":{"x":[0.833,0.833,0.833],"y":[0.833,0.833,0.833]},"o":{"x":[0.167,0.167,0.167],"y":[0.167,0.167,0.167]},"n":["0p833_0p833_0p167_0p167","0p833_0p833_0p167_0p167","0p833_0p833_0p167_0p167"],"t":385,"s":[80,80,100],"e":[49,49,100]},{"t":395}],"ix":6}},"ao":0,"ip":231,"op":420,"st":0,"bm":0},{"ddd":0,"ind":6,"ty":2,"nm":"ReplaceableText15.png","cl":"png","refId":"image_5","sr":1,"ks":{"o":{"a":0,"k":100,"ix":11},"r":{"a":1,"k":[{"i":{"x":[0.833],"y":[0.833]},"o":{"x":[0.167],"y":[0.167]},"n":["0p833_0p833_0p167_0p167"],"t":208,"s":[-90],"e":[0]},{"t":218}],"ix":10},"p":{"a":1,"k":[{"i":{"x":0.833,"y":0.833},"o":{"x":0.167,"y":0.167},"n":"0p833_0p833_0p167_0p167","t":208,"s":[394,467,0],"e":[394,481,0],"to":[0,2.33333325386047,0],"ti":[0,-2.33333325386047,0]},{"i":{"x":0.833,"y":0.833},"o":{"x":0.167,"y":0.167},"n":"0p833_0p833_0p167_0p167","t":218,"s":[394,481,0],"e":[394,481,0],"to":[0,0,0],"ti":[0,0,0]},{"i":{"x":0.833,"y":0.833},"o":{"x":0.167,"y":0.167},"n":"0p833_0p833_0p167_0p167","t":231,"s":[394,481,0],"e":[574,357,0],"to":[30,-20.6666660308838,0],"ti":[0.25,-0.25,0]},{"i":{"x":0.833,"y":0.833},"o":{"x":0.167,"y":0.167},"n":"0p833_0p833_0p167_0p167","t":241,"s":[574,357,0],"e":[574,357,0],"to":[-0.25,0.25,0],"ti":[0,0,0]},{"i":{"x":0.833,"y":0.833},"o":{"x":0.167,"y":0.167},"n":"0p833_0p833_0p167_0p167","t":254,"s":[574,357,0],"e":[430,250,0],"to":[0,0,0],"ti":[0,0,0]},{"i":{"x":0.833,"y":0.833},"o":{"x":0.167,"y":0.167},"n":"0p833_0p833_0p167_0p167","t":262,"s":[430,250,0],"e":[430,250,0],"to":[0,0,0],"ti":[0,0,0]},{"i":{"x":0.833,"y":0.833},"o":{"x":0.167,"y":0.167},"n":"0p833_0p833_0p167_0p167","t":299,"s":[430,250,0],"e":[327,199,0],"to":[0,0,0],"ti":[0,0,0]},{"i":{"x":0.833,"y":0.833},"o":{"x":0.167,"y":0.167},"n":"0p833_0p833_0p167_0p167","t":309,"s":[327,199,0],"e":[327,199,0],"to":[0,0,0],"ti":[0,0,0]},{"i":{"x":0.833,"y":0.833},"o":{"x":0.167,"y":0.167},"n":"0p833_0p833_0p167_0p167","t":341,"s":[327,199,0],"e":[531,-107,0],"to":[0,0,0],"ti":[0,0,0]},{"i":{"x":0.833,"y":0.833},"o":{"x":0.167,"y":0.167},"n":"0p833_0p833_0p167_0p167","t":351,"s":[531,-107,0],"e":[531,-107,0],"to":[0,0,0],"ti":[0,0,0]},{"i":{"x":0.833,"y":0.833},"o":{"x":0.167,"y":0.167},"n":"0p833_0p833_0p167_0p167","t":385,"s":[531,-107,0],"e":[415,-21,0],"to":[0,0,0],"ti":[0,0,0]},{"t":395}],"ix":2},"a":{"a":0,"k":[372.5,126,0],"ix":1},"s":{"a":1,"k":[{"i":{"x":[0.833,0.833,0.833],"y":[0.833,0.833,0.833]},"o":{"x":[0.167,0.167,0.167],"y":[0.167,0.167,0.167]},"n":["0p833_0p833_0p167_0p167","0p833_0p833_0p167_0p167","0p833_0p833_0p167_0p167"],"t":208,"s":[0,0,100],"e":[85,85,100]},{"i":{"x":[0.833,0.833,0.833],"y":[0.833,0.833,0.833]},"o":{"x":[0.167,0.167,0.167],"y":[0.167,0.167,0.167]},"n":["0p833_0p833_0p167_0p167","0p833_0p833_0p167_0p167","0p833_0p833_0p167_0p167"],"t":218,"s":[85,85,100],"e":[85,85,100]},{"i":{"x":[0.833,0.833,0.833],"y":[0.833,0.833,0.833]},"o":{"x":[0.167,0.167,0.167],"y":[0.167,0.167,0.167]},"n":["0p833_0p833_0p167_0p167","0p833_0p833_0p167_0p167","0p833_0p833_0p167_0p167"],"t":231,"s":[85,85,100],"e":[133,133,100]},{"i":{"x":[0.833,0.833,0.833],"y":[0.833,0.833,0.833]},"o":{"x":[0.167,0.167,0.167],"y":[0.167,0.167,0.167]},"n":["0p833_0p833_0p167_0p167","0p833_0p833_0p167_0p167","0p833_0p833_0p167_0p167"],"t":241,"s":[133,133,100],"e":[133,133,100]},{"i":{"x":[0.833,0.833,0.833],"y":[0.833,0.833,0.833]},"o":{"x":[0.167,0.167,0.167],"y":[0.167,0.167,0.167]},"n":["0p833_0p833_0p167_0p167","0p833_0p833_0p167_0p167","0p833_0p833_0p167_0p167"],"t":254,"s":[133,133,100],"e":[95,95,100]},{"i":{"x":[0.833,0.833,0.833],"y":[0.833,0.833,0.833]},"o":{"x":[0.167,0.167,0.167],"y":[0.167,0.167,0.167]},"n":["0p833_0p833_0p167_0p167","0p833_0p833_0p167_0p167","0p833_0p833_0p167_0p167"],"t":262,"s":[95,95,100],"e":[95,95,100]},{"i":{"x":[0.833,0.833,0.833],"y":[0.833,0.833,0.833]},"o":{"x":[0.167,0.167,0.167],"y":[0.167,0.167,0.167]},"n":["0p833_0p833_0p167_0p167","0p833_0p833_0p167_0p167","0p833_0p833_0p167_0p167"],"t":299,"s":[95,95,100],"e":[67,67,100]},{"i":{"x":[0.833,0.833,0.833],"y":[0.833,0.833,0.833]},"o":{"x":[0.167,0.167,0.167],"y":[0.167,0.167,0.167]},"n":["0p833_0p833_0p167_0p167","0p833_0p833_0p167_0p167","0p833_0p833_0p167_0p167"],"t":309,"s":[67,67,100],"e":[67,67,100]},{"i":{"x":[0.833,0.833,0.833],"y":[0.833,0.833,0.833]},"o":{"x":[0.167,0.167,0.167],"y":[0.167,0.167,0.167]},"n":["0p833_0p833_0p167_0p167","0p833_0p833_0p167_0p167","0p833_0p833_0p167_0p167"],"t":341,"s":[67,67,100],"e":[121,121,100]},{"i":{"x":[0.833,0.833,0.833],"y":[0.833,0.833,0.833]},"o":{"x":[0.167,0.167,0.167],"y":[0.167,0.167,0.167]},"n":["0p833_0p833_0p167_0p167","0p833_0p833_0p167_0p167","0p833_0p833_0p167_0p167"],"t":351,"s":[121,121,100],"e":[121,121,100]},{"i":{"x":[0.833,0.833,0.833],"y":[0.833,0.833,0.833]},"o":{"x":[0.167,0.167,0.167],"y":[0.167,0.167,0.167]},"n":["0p833_0p833_0p167_0p167","0p833_0p833_0p167_0p167","0p833_0p833_0p167_0p167"],"t":385,"s":[121,121,100],"e":[90,90,100]},{"t":395}],"ix":6}},"ao":0,"ip":208,"op":420,"st":0,"bm":0},{"ddd":0,"ind":7,"ty":0,"nm":"9-19-a","refId":"comp_0","sr":1,"ks":{"o":{"a":0,"k":100,"ix":11},"r":{"a":1,"k":[{"i":{"x":[0.833],"y":[0.833]},"o":{"x":[0.167],"y":[0.167]},"n":["0p833_0p833_0p167_0p167"],"t":208,"s":[0],"e":[90]},{"t":218}],"ix":10},"p":{"a":1,"k":[{"i":{"x":0.833,"y":0.833},"o":{"x":0.167,"y":0.167},"n":"0p833_0p833_0p167_0p167","t":208,"s":[402,460,0],"e":[402,488,0],"to":[0,4.66666650772095,0],"ti":[0,-4.66666650772095,0]},{"i":{"x":0.833,"y":0.833},"o":{"x":0.167,"y":0.167},"n":"0p833_0p833_0p167_0p167","t":218,"s":[402,488,0],"e":[402,488,0],"to":[0,0,0],"ti":[0,0,0]},{"i":{"x":0.833,"y":0.833},"o":{"x":0.167,"y":0.167},"n":"0p833_0p833_0p167_0p167","t":231,"s":[402,488,0],"e":[582,364,0],"to":[30,-20.6666660308838,0],"ti":[-30,20.6666660308838,0]},{"i":{"x":0.833,"y":0.833},"o":{"x":0.167,"y":0.167},"n":"0p833_0p833_0p167_0p167","t":241,"s":[582,364,0],"e":[582,364,0],"to":[0,0,0],"ti":[0,0,0]},{"i":{"x":0.833,"y":0.833},"o":{"x":0.167,"y":0.167},"n":"0p833_0p833_0p167_0p167","t":254,"s":[582,364,0],"e":[447,261,0],"to":[-22.5,-17.1666660308838,0],"ti":[22.5,17.1666660308838,0]},{"i":{"x":0.833,"y":0.833},"o":{"x":0.167,"y":0.167},"n":"0p833_0p833_0p167_0p167","t":262,"s":[447,261,0],"e":[447,261,0],"to":[0,0,0],"ti":[0,0,0]},{"i":{"x":0.833,"y":0.833},"o":{"x":0.167,"y":0.167},"n":"0p833_0p833_0p167_0p167","t":299,"s":[447,261,0],"e":[333,211,0],"to":[-19,-8.33333301544189,0],"ti":[19,8.33333301544189,0]},{"i":{"x":0.833,"y":0.833},"o":{"x":0.167,"y":0.167},"n":"0p833_0p833_0p167_0p167","t":309,"s":[333,211,0],"e":[333,211,0],"to":[0,0,0],"ti":[0,0,0]},{"i":{"x":0.833,"y":0.833},"o":{"x":0.167,"y":0.167},"n":"0p833_0p833_0p167_0p167","t":341,"s":[333,211,0],"e":[537,-95,0],"to":[34,-51,0],"ti":[-34,51,0]},{"i":{"x":0.833,"y":0.833},"o":{"x":0.167,"y":0.167},"n":"0p833_0p833_0p167_0p167","t":351,"s":[537,-95,0],"e":[537,-95,0],"to":[0,0,0],"ti":[0,0,0]},{"i":{"x":0.833,"y":0.833},"o":{"x":0.167,"y":0.167},"n":"0p833_0p833_0p167_0p167","t":385,"s":[537,-95,0],"e":[421,-9,0],"to":[-19.3333339691162,14.3333330154419,0],"ti":[19.3333339691162,-14.3333330154419,0]},{"t":395}],"ix":2},"a":{"a":0,"k":[402,460,0],"ix":1},"s":{"a":1,"k":[{"i":{"x":[0.833,0.833,0.833],"y":[0.833,0.833,0.833]},"o":{"x":[0.167,0.167,0.167],"y":[0.167,0.167,0.167]},"n":["0p833_0p833_0p167_0p167","0p833_0p833_0p167_0p167","0p833_0p833_0p167_0p167"],"t":231,"s":[100,100,100],"e":[148,148,100]},{"i":{"x":[0.833,0.833,0.833],"y":[0.833,0.833,0.833]},"o":{"x":[0.167,0.167,0.167],"y":[0.167,0.167,0.167]},"n":["0p833_0p833_0p167_0p167","0p833_0p833_0p167_0p167","0p833_0p833_0p167_0p167"],"t":241,"s":[148,148,100],"e":[148,148,100]},{"i":{"x":[0.833,0.833,0.833],"y":[0.833,0.833,0.833]},"o":{"x":[0.167,0.167,0.167],"y":[0.167,0.167,0.167]},"n":["0p833_0p833_0p167_0p167","0p833_0p833_0p167_0p167","0p833_0p833_0p167_0p167"],"t":254,"s":[148,148,100],"e":[105,105,100]},{"i":{"x":[0.833,0.833,0.833],"y":[0.833,0.833,0.833]},"o":{"x":[0.167,0.167,0.167],"y":[0.167,0.167,0.167]},"n":["0p833_0p833_0p167_0p167","0p833_0p833_0p167_0p167","0p833_0p833_0p167_0p167"],"t":262,"s":[105,105,100],"e":[105,105,100]},{"i":{"x":[0.833,0.833,0.833],"y":[0.833,0.833,0.833]},"o":{"x":[0.167,0.167,0.167],"y":[0.167,0.167,0.167]},"n":["0p833_0p833_0p167_0p167","0p833_0p833_0p167_0p167","0p833_0p833_0p167_0p167"],"t":299,"s":[105,105,100],"e":[81,81,100]},{"i":{"x":[0.833,0.833,0.833],"y":[0.833,0.833,0.833]},"o":{"x":[0.167,0.167,0.167],"y":[0.167,0.167,0.167]},"n":["0p833_0p833_0p167_0p167","0p833_0p833_0p167_0p167","0p833_0p833_0p167_0p167"],"t":309,"s":[81,81,100],"e":[81,81,100]},{"i":{"x":[0.833,0.833,0.833],"y":[0.833,0.833,0.833]},"o":{"x":[0.167,0.167,0.167],"y":[0.167,0.167,0.167]},"n":["0p833_0p833_0p167_0p167","0p833_0p833_0p167_0p167","0p833_0p833_0p167_0p167"],"t":341,"s":[81,81,100],"e":[135,135,100]},{"i":{"x":[0.833,0.833,0.833],"y":[0.833,0.833,0.833]},"o":{"x":[0.167,0.167,0.167],"y":[0.167,0.167,0.167]},"n":["0p833_0p833_0p167_0p167","0p833_0p833_0p167_0p167","0p833_0p833_0p167_0p167"],"t":351,"s":[135,135,100],"e":[135,135,100]},{"i":{"x":[0.833,0.833,0.833],"y":[0.833,0.833,0.833]},"o":{"x":[0.167,0.167,0.167],"y":[0.167,0.167,0.167]},"n":["0p833_0p833_0p167_0p167","0p833_0p833_0p167_0p167","0p833_0p833_0p167_0p167"],"t":385,"s":[135,135,100],"e":[104,104,100]},{"t":395}],"ix":6}},"ao":0,"w":480,"h":852,"ip":0,"op":420,"st":0,"bm":0},{"ddd":0,"ind":8,"ty":4,"nm":"形状图层 1","sr":1,"ks":{"o":{"a":0,"k":100,"ix":11},"r":{"a":0,"k":0,"ix":10},"p":{"a":0,"k":[240,427,0],"ix":2},"a":{"a":0,"k":[0,0,0],"ix":1},"s":{"a":0,"k":[100,100,100],"ix":6}},"ao":0,"shapes":[{"ty":"gr","it":[{"ty":"rc","d":1,"s":{"a":0,"k":[480,852],"ix":2},"p":{"a":0,"k":[0,0],"ix":3},"r":{"a":0,"k":0,"ix":4},"nm":"矩形路径 1","mn":"ADBE Vector Shape - Rect","hd":false},{"ty":"fl","c":{"a":0,"k":[1,1,1,1],"ix":4},"o":{"a":0,"k":100,"ix":5},"r":1,"nm":"填充 1","mn":"ADBE Vector Graphic - Fill","hd":false},{"ty":"tr","p":{"a":0,"k":[0,-1],"ix":2},"a":{"a":0,"k":[0,0],"ix":1},"s":{"a":0,"k":[100,100],"ix":3},"r":{"a":0,"k":0,"ix":6},"o":{"a":0,"k":100,"ix":7},"sk":{"a":0,"k":0,"ix":4},"sa":{"a":0,"k":0,"ix":5},"nm":"变换"}],"nm":"矩形 1","np":3,"cix":2,"ix":1,"mn":"ADBE Vector Group","hd":false}],"ip":0,"op":420,"st":0,"bm":0}],"markers":[]}
