{
	"textimg": {
		"ver": "1",
		"text": [{
			"name": "ReplaceableText2.png",
			"width": 300,
			"height": 300,
			"textContent": "这是一个天朗风清的日子\n是一个关于我们的故事",
			"textFont": "MicrosoftYaHei-Bold",
			"fontSrc": "MSYHBD.TTF",
			"maxNum": 28,
			"lineNum": 4,
			"alignment": "center",
			"textColor": [255,
			255,
			255],
			"alpha": 1.0,
			"vertical": 0,
			"textPadding": [6,
			6,
			6,
			6],
			"fontSize": 40,
			"bold": 1,
			"italic": 0,
			"strokeColor": [255,
			0,
			0],
			"strokeWidth": 0,
			"shadowColor": [0,
			0,
			0]
		}]
	},
	"v": "5.1.17",
	"fr": 30,
	"ip": 0,
	"op": 90,
	"w": 480,
	"h": 852,
	"nm": "9-16",
	"ddd": 0,
	"assets": [{
		"id": "image_0",
		"w": 300,
		"h": 300,
		"u": "images/",
		"p": "img_0.png",
		"e": 0
	}],
	"layers": [{
		"ddd": 0,
		"ind": 1,
		"ty": 4,
		"nm": "形状图层 1",
		"td": 1,
		"sr": 1,
		"ks": {
			"o": {
				"a": 1,
				"k": [{
					"i": {
						"x": [0.833],
						"y": [0.833]
					},
					"o": {
						"x": [0.167],
						"y": [0.167]
					},
					"n": ["0p833_0p833_0p167_0p167"],
					"t": 0,
					"s": [0],
					"e": [100]
				},
				{
					"t": 15
				}],
				"ix": 11
			},
			"r": {
				"a": 0,
				"k": 0,
				"ix": 10
			},
			"p": {
				"a": 1,
				"k": [{
					"i": {
						"x": 0.833,
						"y": 0.833
					},
					"o": {
						"x": 0.167,
						"y": 0.167
					},
					"n": "0p833_0p833_0p167_0p167",
					"t": 0,
					"s": [-163.5,
					411,
					0],
					"e": [228,
					411,
					0],
					"to": [65.25,
					0,
					0],
					"ti": [0,
					0,
					0]
				},
				{
					"i": {
						"x": 0.833,
						"y": 0.833
					},
					"o": {
						"x": 0.167,
						"y": 0.167
					},
					"n": "0p833_0p833_0p167_0p167",
					"t": 20,
					"s": [228,
					411,
					0],
					"e": [259,
					381,
					0],
					"to": [0,
					0,
					0],
					"ti": [0,
					0,
					0]
				},
				{
					"t": 89
				}],
				"ix": 2
			},
			"a": {
				"a": 0,
				"k": [0,
				0,
				0],
				"ix": 1
			},
			"s": {
				"a": 0,
				"k": [100,
				100,
				100],
				"ix": 6
			}
		},
		"ao": 0,
		"shapes": [{
			"ty": "gr",
			"it": [{
				"ty": "rc",
				"d": 1,
				"s": {
					"a": 0,
					"k": [300,
					300],
					"ix": 2
				},
				"p": {
					"a": 0,
					"k": [0,
					0],
					"ix": 3
				},
				"r": {
					"a": 0,
					"k": 0,
					"ix": 4
				},
				"nm": "矩形路径 1",
				"mn": "ADBE Vector Shape - Rect",
				"hd": false
			},
			{
				"ty": "fl",
				"c": {
					"a": 0,
					"k": [0.823528992896,
					0.222837006812,
					0.222837006812,
					1],
					"ix": 4
				},
				"o": {
					"a": 0,
					"k": 100,
					"ix": 5
				},
				"r": 1,
				"nm": "填充 1",
				"mn": "ADBE Vector Graphic - Fill",
				"hd": false
			},
			{
				"ty": "tr",
				"p": {
					"a": 0,
					"k": [12,
					15],
					"ix": 2
				},
				"a": {
					"a": 0,
					"k": [0,
					0],
					"ix": 1
				},
				"s": {
					"a": 0,
					"k": [100,
					100],
					"ix": 3
				},
				"r": {
					"a": 0,
					"k": 0,
					"ix": 6
				},
				"o": {
					"a": 0,
					"k": 100,
					"ix": 7
				},
				"sk": {
					"a": 0,
					"k": 0,
					"ix": 4
				},
				"sa": {
					"a": 0,
					"k": 0,
					"ix": 5
				},
				"nm": "变换"
			}],
			"nm": "矩形 1",
			"np": 3,
			"cix": 2,
			"ix": 1,
			"mn": "ADBE Vector Group",
			"hd": false
		}],
		"ip": 0,
		"op": 90,
		"st": 0,
		"bm": 0
	},
	{
		"ddd": 0,
		"ind": 2,
		"ty": 2,
		"nm": "ReplaceableText2.png",
		"cl": "png",
		"tt": 1,
		"refId": "image_0",
		"sr": 1,
		"ks": {
			"o": {
				"a": 0,
				"k": 100,
				"ix": 11
			},
			"r": {
				"a": 0,
				"k": 0,
				"ix": 10
			},
			"p": {
				"a": 1,
				"k": [{
					"i": {
						"x": 0.833,
						"y": 0.833
					},
					"o": {
						"x": 0.167,
						"y": 0.167
					},
					"n": "0p833_0p833_0p167_0p167",
					"t": 20,
					"s": [240,
					426,
					0],
					"e": [271,
					396,
					0],
					"to": [5.16666650772095,
					-5,
					0],
					"ti": [-5.16666650772095,
					5,
					0]
				},
				{
					"t": 89
				}],
				"ix": 2
			},
			"a": {
				"a": 0,
				"k": [150,
				150,
				0],
				"ix": 1
			},
			"s": {
				"a": 0,
				"k": [100,
				100,
				100],
				"ix": 6
			}
		},
		"ao": 0,
		"ip": 0,
		"op": 90,
		"st": 0,
		"bm": 0
	},
	{
		"ddd": 0,
		"ind": 3,
		"ty": 4,
		"nm": "形状图层 2",
		"sr": 1,
		"ks": {
			"o": {
				"a": 0,
				"k": 100,
				"ix": 11
			},
			"r": {
				"a": 0,
				"k": 0,
				"ix": 10
			},
			"p": {
				"a": 0,
				"k": [238,
				428,
				0],
				"ix": 2
			},
			"a": {
				"a": 0,
				"k": [0,
				0,
				0],
				"ix": 1
			},
			"s": {
				"a": 0,
				"k": [100,
				100,
				100],
				"ix": 6
			}
		},
		"ao": 0,
		"shapes": [{
			"ty": "gr",
			"it": [{
				"ty": "rc",
				"d": 1,
				"s": {
					"a": 0,
					"k": [480,
					852],
					"ix": 2
				},
				"p": {
					"a": 0,
					"k": [0,
					0],
					"ix": 3
				},
				"r": {
					"a": 0,
					"k": 0,
					"ix": 4
				},
				"nm": "矩形路径 1",
				"mn": "ADBE Vector Shape - Rect",
				"hd": false
			},
			{
				"ty": "fl",
				"c": {
					"a": 0,
					"k": [0,
					0,
					0,
					1],
					"ix": 4
				},
				"o": {
					"a": 0,
					"k": 100,
					"ix": 5
				},
				"r": 1,
				"nm": "填充 1",
				"mn": "ADBE Vector Graphic - Fill",
				"hd": false
			},
			{
				"ty": "tr",
				"p": {
					"a": 0,
					"k": [2,
					-2],
					"ix": 2
				},
				"a": {
					"a": 0,
					"k": [0,
					0],
					"ix": 1
				},
				"s": {
					"a": 0,
					"k": [100,
					100],
					"ix": 3
				},
				"r": {
					"a": 0,
					"k": 0,
					"ix": 6
				},
				"o": {
					"a": 0,
					"k": 100,
					"ix": 7
				},
				"sk": {
					"a": 0,
					"k": 0,
					"ix": 4
				},
				"sa": {
					"a": 0,
					"k": 0,
					"ix": 5
				},
				"nm": "变换"
			}],
			"nm": "矩形 1",
			"np": 3,
			"cix": 2,
			"ix": 1,
			"mn": "ADBE Vector Group",
			"hd": false
		}],
		"ip": 0,
		"op": 90,
		"st": 0,
		"bm": 0
	}],
	"markers": []
}