{
    "textimg":{
        "ver" : "1",
        "text" : [{
            "name" : "ReplaceableText1.png",
            "width" : 636,
            "height" : 636,
            "textContent" : "暮秋十分，秋\n风袅袅。秋枫\n一叶一叶落下\n，如同落墨，\n在大地上晕成\n最美的笔迹",
            "textFont" : "MicrosoftYaHei-Bold",
            "fontSrc" : "MSYHBD.TTF",
            "maxNum" : 36,
            "lineNum" : 6,
            "alignment" : "center",
            "textColor" : [
                196,
                120,
                57
            ],
            "alpha" : 1.0,
            "vertical" : 0,
            "textPadding": [
                6,
                6,
                6,
                6
            ],
            "fontSize" : 100,
            "bold" : 1,
            "italic" :0,
            "strokeColor": [
                0,
                0,
                0
            ],
            "strokeWidth":0,
            "shadowColor": [
                0,
                0,
                0
            ]
        }
        ]
    },
    "v":"5.1.17","fr":30,"ip":0,"op":120,"w":852,"h":852,"nm":"1-1","ddd":0,"assets":[{"id":"image_0","w":636,"h":636,"u":"images/","p":"img_0.png","e":0},{"id":"image_1","w":852,"h":852,"u":"images/","p":"img_1.jpg","e":0}],"layers":[{"ddd":0,"ind":1,"ty":2,"nm":"ReplaceableText1.png","cl":"png","refId":"image_0","sr":1,"ks":{"o":{"a":0,"k":100,"ix":11},"r":{"a":0,"k":0,"ix":10},"p":{"a":1,"k":[{"i":{"x":0.667,"y":1},"o":{"x":0.167,"y":0.167},"n":"0p667_1_0p167_0p167","t":0,"s":[426,858,0],"e":[426,452,0],"to":[0,-67.6666641235352,0],"ti":[0,67.6666641235352,0]},{"t":119}],"ix":2},"a":{"a":0,"k":[318,318,0],"ix":1},"s":{"a":0,"k":[100,100,100],"ix":6}},"ao":0,"ip":0,"op":120,"st":0,"bm":0},{"ddd":0,"ind":2,"ty":2,"nm":"background1.jpg","cl":"jpg","refId":"image_1","sr":1,"ks":{"o":{"a":0,"k":100,"ix":11},"r":{"a":0,"k":0,"ix":10},"p":{"a":0,"k":[426,426,0],"ix":2},"a":{"a":0,"k":[426,426,0],"ix":1},"s":{"a":0,"k":[100,100,100],"ix":6}},"ao":0,"ip":0,"op":120,"st":0,"bm":0}],"markers":[]}