{
    "textimg":{
        "ver" : "1",
        "text" : [
            {
                "name" : "ReplaceableText1.png",
                "width" : 666,
                "height" : 95,
                "textContent" : "嗨朋友你还好吗？",
                "textFont" : "MicrosoftYaHei-Bold",
                "fontSrc" : "MSYHBD.TTF",
                "maxNum" : 8,
                "lineNum" : 1,
                "alignment" : "left",
                "textColor" : [
                    0,
                    0,
                    0
                ],
                "alpha" : 1.0,
                "vertical" : 0,
                "textPadding": [
                    6,
                    6,
                    6,
                    6
                ],
                "fontSize" : 80,
                "bold" : 1,
                "italic" : 0,
                "strokeColor": [
                    255,
                    0,
                    0
                ],
                "singleline":1,
                "strokeWidth":0,
                "shadowColor": [
                    0,
                    0,
                    0
                ]
            },
            {
                "name" : "ReplaceableText2.png",
                "width" : 666,
                "height" : 127,
                "suggestion" : "很高兴见到你",
                "textFont" : "MicrosoftYaHei-Bold",
                "fontSrc" : "MSYHBD.TTF",
                "maxNum" : 6,
                "lineNum" : 1,
                "alignment" : "left",
                "textColor" : [
                    230,
                    0,
                    18
                ],
                "alpha" : 1.0,
                "vertical" : 0,
                "textPadding": [
                    6,
                    6,
                    6,
                    6
                ],
                "fontSize" :110,
                "bold" : 1,
                "italic" : 0,
                "strokeColor": [
                    255,
                    0,
                    0
                ],
                "singleline":1,
                "strokeWidth":0,
                "shadowColor": [
                    0,
                    0,
                    0
                ]
            },
            {
                "name" : "ReplaceableText3.png",
                "width" : 666,
                "height" : 171,
                "suggestion" : "我在这里",
                "textFont" : "MicrosoftYaHei-Bold",
                "fontSrc" : "MSYHBD.TTF",
                "maxNum" : 4,
                "lineNum" : 1,
                "alignment" : "left",
                "textColor" : [
                    0,
                    0,
                    0
                ],
                "alpha" : 1.0,
                "vertical" : 0,
                "textPadding": [
                    6,
                    6,
                    6,
                    6
                ],
                "fontSize" : 160,
                "bold" : 1,
                "italic" : 0,
                "strokeColor": [
                    255,
                    0,
                    0
                ],
                "singleline":1,
                "strokeWidth":0,
                "shadowColor": [
                    0,
                    0,
                    0
                ]
            },
            {
                "name" : "ReplaceableText4.png",
                "width" : 666,
                "height" : 142,
                "suggestion" : "你在哪儿呢",
                "textFont" : "MicrosoftYaHei-Bold",
                "fontSrc" : "MSYHBD.TTF",
                "maxNum" : 5,
                "lineNum" : 1,
                "alignment" : "left",
                "textColor" : [
                    230,
                    0,
                    18
                ],
                "alpha" : 1.0,
                "vertical" : 0,
                "textPadding": [
                    6,
                    6,
                    6,
                    6
                ],
                "fontSize" : 110,
                "bold" : 1,
                "italic" : 0,
                "strokeColor": [
                    255,
                    0,
                    0
                ],
                "singleline":1,
                "strokeWidth":0,
                "shadowColor": [
                    0,
                    0,
                    0
                ]
            },
            {
                "name" : "ReplaceableText5.png",
                "width" : 666,
                "height" : 227,
                "suggestion" : "天冷了",
                "textFont" : "MicrosoftYaHei-Bold",
                "fontSrc" : "MSYHBD.TTF",
                "maxNum" : 3,
                "lineNum" : 1,
                "alignment" : "left",
                "textColor" : [
                    0,
                    0,
                    0
                ],
                "alpha" : 1.0,
                "vertical" : 0,
                "textPadding": [
                    6,
                    6,
                    6,
                    6
                ],
                "fontSize" : 200,
                "bold" : 1,
                "italic" : 0,
                "strokeColor": [
                    255,
                    0,
                    0
                ],
                "singleline":1,
                "strokeWidth":0,
                "shadowColor": [
                    0,
                    0,
                    0
                ]
            },
            {
                "name" : "ReplaceableText6.png",
                "width" : 666,
                "height" : 337,
                "suggestion" : "记得",
                "textFont" : "MicrosoftYaHei-Bold",
                "fontSrc" : "MSYHBD.TTF",
                "maxNum" : 2,
                "lineNum" : 1,
                "alignment" : "left",
                "textColor" : [
                    230,
                    0,
                    18
                ],
                "alpha" : 1.0,
                "vertical" : 0,
                "textPadding": [
                    6,
                    6,
                    6,
                    6
                ],
                "fontSize" : 320,
                "bold" : 1,
                "italic" : 0,
                "strokeColor": [
                    255,
                    0,
                    0
                ],
                "singleline":1,
                "strokeWidth":0,
                "shadowColor": [
                    0,
                    0,
                    0
                ]
            },
            {
                "name" : "ReplaceableText7.png",
                "width" : 666,
                "height" : 229,
                "suggestion" : "穿厚点",
                "textFont" : "MicrosoftYaHei-Bold",
                "fontSrc" : "MSYHBD.TTF",
                "maxNum" : 3,
                "lineNum" : 1,
                "alignment" : "left",
                "textColor" : [
                    0,
                    0,
                    0
                ],
                "alpha" : 1.0,
                "vertical" : 0,
                "textPadding": [
                    6,
                    6,
                    6,
                    6
                ],
                "fontSize" : 200,
                "bold" : 1,
                "italic" : 0,
                "strokeColor": [
                    255,
                    0,
                    0
                ],
                "singleline":1,
                "strokeWidth":0,
                "shadowColor": [
                    0,
                    0,
                    0
                ]
            },
            {
                "name" : "ReplaceableText8.png",
                "width" : 667,
                "height" : 178,
                "suggestion" : "想喝酒了",
                "textFont" : "MicrosoftYaHei-Bold",
                "fontSrc" : "MSYHBD.TTF",
                "maxNum" : 4,
                "lineNum" : 1,
                "alignment" : "left",
                "textColor" : [
                    230,
                    0,
                    18
                ],
                "alpha" : 1.0,
                "vertical" : 0,
                "textPadding": [
                    6,
                    6,
                    6,
                    6
                ],
                "fontSize" : 150,
                "bold" : 1,
                "italic" : 0,
                "strokeColor": [
                    255,
                    0,
                    0
                ],
                "singleline":1,
                "strokeWidth":0,
                "shadowColor": [
                    0,
                    0,
                    0
                ]
            },
            {
                "name" : "ReplaceableText9.png",
                "width" : 667,
                "height" : 145,
                "suggestion" : "记得找我哦",
                "textFont" : "MicrosoftYaHei-Bold",
                "fontSrc" : "MSYHBD.TTF",
                "maxNum" : 5,
                "lineNum" : 1,
                "alignment" : "left",
                "textColor" : [
                    0,
                    0,
                    0
                ],
                "alpha" : 1.0,
                "vertical" : 0,
                "textPadding": [
                    6,
                    6,
                    6,
                    6
                ],
                "fontSize" : 130,
                "bold" : 1,
                "italic" : 0,
                "strokeColor": [
                    255,
                    0,
                    0
                ],
                "singleline":1,
                "strokeWidth":0,
                "shadowColor": [
                    0,
                    0,
                    0
                ]
            },
            {
                "name" : "ReplaceableText10.png",
                "width" : 666,
                "height" : 149,
                "suggestion" : "我随时都在",
                "textFont" : "MicrosoftYaHei-Bold",
                "fontSrc" : "MSYHBD.TTF",
                "maxNum" : 5,
                "lineNum" : 1,
                "alignment" : "left",
                "textColor" : [
                    230,
                    0,
                    18
                ],
                "alpha" : 1.0,
                "vertical" : 0,
                "textPadding": [
                    6,
                    6,
                    6,
                    6
                ],
                "fontSize" : 110,
                "bold" : 1,
                "italic" : 0,
                "strokeColor": [
                    255,
                    0,
                    0
                ],
                "singleline":1,
                "strokeWidth":0,
                "shadowColor": [
                    0,
                    0,
                    0
                ]
            }
        ]
    },
"v":"5.1.17","fr":30,"ip":0,"op":420,"w":852,"h":852,"nm":"1-1","ddd":0,"assets":[{"id":"image_0","w":666,"h":149,"u":"images/","p":"img_0.png","e":0},{"id":"image_1","w":666,"h":145,"u":"images/","p":"img_1.png","e":0},{"id":"image_2","w":667,"h":178,"u":"images/","p":"img_2.png","e":0},{"id":"image_3","w":666,"h":229,"u":"images/","p":"img_3.png","e":0},{"id":"image_4","w":666,"h":337,"u":"images/","p":"img_4.png","e":0},{"id":"image_5","w":666,"h":227,"u":"images/","p":"img_5.png","e":0},{"id":"image_6","w":666,"h":142,"u":"images/","p":"img_6.png","e":0},{"id":"image_7","w":666,"h":171,"u":"images/","p":"img_7.png","e":0},{"id":"image_8","w":666,"h":127,"u":"images/","p":"img_8.png","e":0},{"id":"image_9","w":666,"h":95,"u":"images/","p":"img_9.png","e":0},{"id":"comp_0","layers":[{"ddd":0,"ind":1,"ty":2,"nm":"ReplaceableText4.png","cl":"png","refId":"image_6","sr":1,"ks":{"o":{"a":0,"k":100,"ix":11},"r":{"a":0,"k":0,"ix":10},"p":{"a":1,"k":[{"i":{"x":0.833,"y":0.833},"o":{"x":0.167,"y":0.167},"n":"0p833_0p833_0p167_0p167","t":153,"s":[94,491,0],"e":[94,363,0],"to":[0,-21.3333339691162,0],"ti":[0,21.3333339691162,0]},{"t":163}],"ix":2},"a":{"a":0,"k":[1,7,0],"ix":1},"s":{"a":1,"k":[{"i":{"x":[0.833,0.833,0.833],"y":[0.833,0.833,0.833]},"o":{"x":[0.167,0.167,0.167],"y":[0.167,0.167,0.167]},"n":["0p833_0p833_0p167_0p167","0p833_0p833_0p167_0p167","0p833_0p833_0p167_0p167"],"t":153,"s":[0,0,100],"e":[98,98,100]},{"t":163}],"ix":6}},"ao":0,"ip":153,"op":420,"st":0,"bm":0},{"ddd":0,"ind":2,"ty":2,"nm":"ReplaceableText3.png","cl":"png","refId":"image_7","sr":1,"ks":{"o":{"a":0,"k":100,"ix":11},"r":{"a":0,"k":0,"ix":10},"p":{"a":1,"k":[{"i":{"x":0.833,"y":0.833},"o":{"x":0.167,"y":0.167},"n":"0p833_0p833_0p167_0p167","t":110,"s":[99,484,0],"e":[99,349,0],"to":[0,-22.5,0],"ti":[0,22.5,0]},{"i":{"x":0.833,"y":0.833},"o":{"x":0.167,"y":0.167},"n":"0p833_0p833_0p167_0p167","t":120,"s":[99,349,0],"e":[99,349,0],"to":[0,0,0],"ti":[0,0,0]},{"i":{"x":0.833,"y":0.833},"o":{"x":0.167,"y":0.167},"n":"0p833_0p833_0p167_0p167","t":153,"s":[99,349,0],"e":[99,232,0],"to":[0,-19.5,0],"ti":[0,19.5,0]},{"t":163}],"ix":2},"a":{"a":0,"k":[6,7.5,0],"ix":1},"s":{"a":1,"k":[{"i":{"x":[0.833,0.833,0.833],"y":[0.833,0.833,0.833]},"o":{"x":[0.167,0.167,0.167],"y":[0.167,0.167,0.167]},"n":["0p833_0p833_0p167_0p167","0p833_0p833_0p167_0p167","0p833_0p833_0p167_0p167"],"t":110,"s":[0,0,100],"e":[98,98,100]},{"i":{"x":[0.833,0.833,0.833],"y":[0.833,0.833,0.833]},"o":{"x":[0.167,0.167,0.167],"y":[0.167,0.167,0.167]},"n":["0p833_0p833_0p167_0p167","0p833_0p833_0p167_0p167","0p833_0p833_0p167_0p167"],"t":120,"s":[98,98,100],"e":[98,98,100]},{"i":{"x":[0.833,0.833,0.833],"y":[0.833,0.833,0.833]},"o":{"x":[0.167,0.167,0.167],"y":[0.167,0.167,0.167]},"n":["0p833_0p833_0p167_0p167","0p833_0p833_0p167_0p167","0p833_0p833_0p167_0p167"],"t":153,"s":[98,98,100],"e":[70,70,100]},{"t":163}],"ix":6}},"ao":0,"ip":110,"op":420,"st":0,"bm":0},{"ddd":0,"ind":3,"ty":2,"nm":"ReplaceableText2.png","cl":"png","refId":"image_8","sr":1,"ks":{"o":{"a":0,"k":100,"ix":11},"r":{"a":1,"k":[{"i":{"x":[0.833],"y":[0.833]},"o":{"x":[0.167],"y":[0.167]},"n":["0p833_0p833_0p167_0p167"],"t":94,"s":[90],"e":[0]},{"t":103}],"ix":10},"p":{"a":1,"k":[{"i":{"x":0.833,"y":0.833},"o":{"x":0.167,"y":0.167},"n":"0p833_0p833_0p167_0p167","t":110,"s":[98.5,480,0],"e":[98.5,320,0],"to":[0,-26.6666660308838,0],"ti":[0,26.6666660308838,0]},{"i":{"x":0.833,"y":0.833},"o":{"x":0.167,"y":0.167},"n":"0p833_0p833_0p167_0p167","t":120,"s":[98.5,320,0],"e":[98.5,320,0],"to":[0,0,0],"ti":[0,0,0]},{"i":{"x":0.833,"y":0.833},"o":{"x":0.167,"y":0.167},"n":"0p833_0p833_0p167_0p167","t":153,"s":[98.5,320,0],"e":[98.5,215,0],"to":[0,-17.5,0],"ti":[0,17.5,0]},{"t":163}],"ix":2},"a":{"a":0,"k":[-1,114.5,0],"ix":1},"s":{"a":1,"k":[{"i":{"x":[0.833,0.833,0.833],"y":[0.833,0.833,0.833]},"o":{"x":[0.167,0.167,0.167],"y":[0.167,0.167,0.167]},"n":["0p833_0p833_0p167_0p167","0p833_0p833_0p167_0p167","0p833_0p833_0p167_0p167"],"t":94,"s":[0,0,100],"e":[100,100,100]},{"i":{"x":[0.833,0.833,0.833],"y":[0.833,0.833,0.833]},"o":{"x":[0.167,0.167,0.167],"y":[0.167,0.167,0.167]},"n":["0p833_0p833_0p167_0p167","0p833_0p833_0p167_0p167","0p833_0p833_0p167_0p167"],"t":103,"s":[100,100,100],"e":[100,100,100]},{"i":{"x":[0.833,0.833,0.833],"y":[0.833,0.833,0.833]},"o":{"x":[0.167,0.167,0.167],"y":[0.167,0.167,0.167]},"n":["0p833_0p833_0p167_0p167","0p833_0p833_0p167_0p167","0p833_0p833_0p167_0p167"],"t":110,"s":[100,100,100],"e":[68,68,100]},{"i":{"x":[0.833,0.833,0.833],"y":[0.833,0.833,0.833]},"o":{"x":[0.167,0.167,0.167],"y":[0.167,0.167,0.167]},"n":["0p833_0p833_0p167_0p167","0p833_0p833_0p167_0p167","0p833_0p833_0p167_0p167"],"t":120,"s":[68,68,100],"e":[68,68,100]},{"i":{"x":[0.833,0.833,0.833],"y":[0.833,0.833,0.833]},"o":{"x":[0.167,0.167,0.167],"y":[0.167,0.167,0.167]},"n":["0p833_0p833_0p167_0p167","0p833_0p833_0p167_0p167","0p833_0p833_0p167_0p167"],"t":153,"s":[68,68,100],"e":[52,52,100]},{"t":163}],"ix":6}},"ao":0,"ip":94,"op":420,"st":0,"bm":0},{"ddd":0,"ind":4,"ty":2,"nm":"ReplaceableText1.png","cl":"png","refId":"image_9","sr":1,"ks":{"o":{"a":0,"k":100,"ix":11},"r":{"a":1,"k":[{"i":{"x":[0.833],"y":[0.833]},"o":{"x":[0.167],"y":[0.167]},"n":["0p833_0p833_0p167_0p167"],"t":94,"s":[0],"e":[-90]},{"t":103}],"ix":10},"p":{"a":1,"k":[{"i":{"x":0.833,"y":0.833},"o":{"x":0.167,"y":0.167},"n":"0p833_0p833_0p167_0p167","t":94,"s":[98,385,0],"e":[6,479,0],"to":[-15.3333330154419,15.6666669845581,0],"ti":[15.3333330154419,-15.6666669845581,0]},{"i":{"x":0.833,"y":0.833},"o":{"x":0.167,"y":0.167},"n":"0p833_0p833_0p167_0p167","t":103,"s":[6,479,0],"e":[6,479,0],"to":[0,0,0],"ti":[0,0,0]},{"i":{"x":0.833,"y":0.833},"o":{"x":0.167,"y":0.167},"n":"0p833_0p833_0p167_0p167","t":110,"s":[6,479,0],"e":[32,327,0],"to":[4.33333349227905,-25.3333339691162,0],"ti":[-4.33333349227905,25.3333339691162,0]},{"i":{"x":0.833,"y":0.833},"o":{"x":0.167,"y":0.167},"n":"0p833_0p833_0p167_0p167","t":120,"s":[32,327,0],"e":[32,327,0],"to":[0,0,0],"ti":[0,0,0]},{"i":{"x":0.833,"y":0.833},"o":{"x":0.167,"y":0.167},"n":"0p833_0p833_0p167_0p167","t":153,"s":[32,327,0],"e":[50,221,0],"to":[3,-17.6666660308838,0],"ti":[-3,17.6666660308838,0]},{"t":163}],"ix":2},"a":{"a":0,"k":[5,6.5,0],"ix":1},"s":{"a":1,"k":[{"i":{"x":[0.833,0.833,0.833],"y":[0.833,0.833,0.833]},"o":{"x":[0.167,0.167,0.167],"y":[0.167,0.167,0.167]},"n":["0p833_0p833_0p167_0p167","0p833_0p833_0p167_0p167","0p833_0p833_0p167_0p167"],"t":110,"s":[100,100,100],"e":[68,68,100]},{"i":{"x":[0.833,0.833,0.833],"y":[0.833,0.833,0.833]},"o":{"x":[0.167,0.167,0.167],"y":[0.167,0.167,0.167]},"n":["0p833_0p833_0p167_0p167","0p833_0p833_0p167_0p167","0p833_0p833_0p167_0p167"],"t":120,"s":[68,68,100],"e":[68,68,100]},{"i":{"x":[0.833,0.833,0.833],"y":[0.833,0.833,0.833]},"o":{"x":[0.167,0.167,0.167],"y":[0.167,0.167,0.167]},"n":["0p833_0p833_0p167_0p167","0p833_0p833_0p167_0p167","0p833_0p833_0p167_0p167"],"t":153,"s":[68,68,100],"e":[52,52,100]},{"t":163}],"ix":6}},"ao":0,"ip":2,"op":420,"st":0,"bm":0}]}],"layers":[{"ddd":0,"ind":1,"ty":2,"nm":"ReplaceableText10.png","cl":"png","refId":"image_0","sr":1,"ks":{"o":{"a":0,"k":100,"ix":11},"r":{"a":0,"k":0,"ix":10},"p":{"a":1,"k":[{"i":{"x":0.833,"y":0.833},"o":{"x":0.167,"y":0.167},"n":"0p833_0p833_0p167_0p167","t":385,"s":[95,508,0],"e":[95,360,0],"to":[0,-24.6666660308838,0],"ti":[0,24.6666660308838,0]},{"t":395}],"ix":2},"a":{"a":0,"k":[2,8.5,0],"ix":1},"s":{"a":1,"k":[{"i":{"x":[0.833,0.833,0.833],"y":[0.833,0.833,0.833]},"o":{"x":[0.167,0.167,0.167],"y":[0.167,0.167,0.167]},"n":["0p833_0p833_0p167_0p167","0p833_0p833_0p167_0p167","0p833_0p833_0p167_0p167"],"t":385,"s":[0,0,100],"e":[100,100,100]},{"t":395}],"ix":6}},"ao":0,"ip":385,"op":420,"st":0,"bm":0},{"ddd":0,"ind":2,"ty":2,"nm":"ReplaceableText9.png","cl":"png","refId":"image_1","sr":1,"ks":{"o":{"a":0,"k":100,"ix":11},"r":{"a":0,"k":0,"ix":10},"p":{"a":1,"k":[{"i":{"x":0.833,"y":0.833},"o":{"x":0.167,"y":0.167},"n":"0p833_0p833_0p167_0p167","t":341,"s":[93,502,0],"e":[93,361,0],"to":[0,-23.5,0],"ti":[0,23.5,0]},{"i":{"x":0.833,"y":0.833},"o":{"x":0.167,"y":0.167},"n":"0p833_0p833_0p167_0p167","t":351,"s":[93,361,0],"e":[93,361,0],"to":[0,0,0],"ti":[0,0,0]},{"i":{"x":0.833,"y":0.833},"o":{"x":0.167,"y":0.167},"n":"0p833_0p833_0p167_0p167","t":385,"s":[93,361,0],"e":[93,261,0],"to":[0,-16.6666660308838,0],"ti":[0,16.6666660308838,0]},{"t":395}],"ix":2},"a":{"a":0,"k":[-7,9.5,0],"ix":1},"s":{"a":1,"k":[{"i":{"x":[0.833,0.833,0.833],"y":[0.833,0.833,0.833]},"o":{"x":[0.167,0.167,0.167],"y":[0.167,0.167,0.167]},"n":["0p833_0p833_0p167_0p167","0p833_0p833_0p167_0p167","0p833_0p833_0p167_0p167"],"t":341,"s":[0,0,100],"e":[100,100,100]},{"i":{"x":[0.833,0.833,0.833],"y":[0.833,0.833,0.833]},"o":{"x":[0.167,0.167,0.167],"y":[0.167,0.167,0.167]},"n":["0p833_0p833_0p167_0p167","0p833_0p833_0p167_0p167","0p833_0p833_0p167_0p167"],"t":351,"s":[100,100,100],"e":[100,100,100]},{"i":{"x":[0.833,0.833,0.833],"y":[0.833,0.833,0.833]},"o":{"x":[0.167,0.167,0.167],"y":[0.167,0.167,0.167]},"n":["0p833_0p833_0p167_0p167","0p833_0p833_0p167_0p167","0p833_0p833_0p167_0p167"],"t":385,"s":[100,100,100],"e":[62,62,100]},{"t":395}],"ix":6}},"ao":0,"ip":341,"op":420,"st":0,"bm":0},{"ddd":0,"ind":3,"ty":2,"nm":"ReplaceableText8.png","cl":"png","refId":"image_2","sr":1,"ks":{"o":{"a":0,"k":100,"ix":11},"r":{"a":0,"k":0,"ix":10},"p":{"a":1,"k":[{"i":{"x":0.833,"y":0.833},"o":{"x":0.167,"y":0.167},"n":"0p833_0p833_0p167_0p167","t":299,"s":[96,492,0],"e":[96,348,0],"to":[0,-24,0],"ti":[0,24,0]},{"i":{"x":0.833,"y":0.833},"o":{"x":0.167,"y":0.167},"n":"0p833_0p833_0p167_0p167","t":309,"s":[96,348,0],"e":[96,348,0],"to":[0,0,0],"ti":[0,0,0]},{"i":{"x":0.833,"y":0.833},"o":{"x":0.167,"y":0.167},"n":"0p833_0p833_0p167_0p167","t":341,"s":[96,348,0],"e":[96,80,0],"to":[0,-44.6666679382324,0],"ti":[0,44.6666679382324,0]},{"i":{"x":0.833,"y":0.833},"o":{"x":0.167,"y":0.167},"n":"0p833_0p833_0p167_0p167","t":351,"s":[96,80,0],"e":[96,80,0],"to":[0,0,0],"ti":[0,0,0]},{"i":{"x":0.833,"y":0.833},"o":{"x":0.167,"y":0.167},"n":"0p833_0p833_0p167_0p167","t":385,"s":[96,80,0],"e":[96,38,0],"to":[0,-7,0],"ti":[0,7,0]},{"t":395}],"ix":2},"a":{"a":0,"k":[3.005,9,0],"ix":1},"s":{"a":1,"k":[{"i":{"x":[0.833,0.833,0.833],"y":[0.833,0.833,0.833]},"o":{"x":[0.167,0.167,0.167],"y":[0.167,0.167,0.167]},"n":["0p833_0p833_0p167_0p167","0p833_0p833_0p167_0p167","0p833_0p833_0p167_0p167"],"t":299,"s":[0,0,100],"e":[100,100,100]},{"i":{"x":[0.833,0.833,0.833],"y":[0.833,0.833,0.833]},"o":{"x":[0.167,0.167,0.167],"y":[0.167,0.167,0.167]},"n":["0p833_0p833_0p167_0p167","0p833_0p833_0p167_0p167","0p833_0p833_0p167_0p167"],"t":309,"s":[100,100,100],"e":[100,100,100]},{"i":{"x":[0.833,0.833,0.833],"y":[0.833,0.833,0.833]},"o":{"x":[0.167,0.167,0.167],"y":[0.167,0.167,0.167]},"n":["0p833_0p833_0p167_0p167","0p833_0p833_0p167_0p167","0p833_0p833_0p167_0p167"],"t":341,"s":[100,100,100],"e":[160,160,100]},{"i":{"x":[0.833,0.833,0.833],"y":[0.833,0.833,0.833]},"o":{"x":[0.167,0.167,0.167],"y":[0.167,0.167,0.167]},"n":["0p833_0p833_0p167_0p167","0p833_0p833_0p167_0p167","0p833_0p833_0p167_0p167"],"t":351,"s":[160,160,100],"e":[160,160,100]},{"i":{"x":[0.833,0.833,0.833],"y":[0.833,0.833,0.833]},"o":{"x":[0.167,0.167,0.167],"y":[0.167,0.167,0.167]},"n":["0p833_0p833_0p167_0p167","0p833_0p833_0p167_0p167","0p833_0p833_0p167_0p167"],"t":385,"s":[160,160,100],"e":[122,122,100]},{"t":395}],"ix":6}},"ao":0,"ip":299,"op":420,"st":0,"bm":0},{"ddd":0,"ind":4,"ty":2,"nm":"ReplaceableText7.png","cl":"png","refId":"image_3","sr":1,"ks":{"o":{"a":0,"k":100,"ix":11},"r":{"a":0,"k":0,"ix":10},"p":{"a":1,"k":[{"i":{"x":0.833,"y":0.833},"o":{"x":0.167,"y":0.167},"n":"0p833_0p833_0p167_0p167","t":255,"s":[109,453,0],"e":[109,322.45,0],"to":[0,-21.7583332061768,0],"ti":[0,21.7583332061768,0]},{"i":{"x":0.833,"y":0.833},"o":{"x":0.167,"y":0.167},"n":"0p833_0p833_0p167_0p167","t":262,"s":[109,322.45,0],"e":[109,322.45,0],"to":[0,0,0],"ti":[0,0,0]},{"i":{"x":0.833,"y":0.833},"o":{"x":0.167,"y":0.167},"n":"0p833_0p833_0p167_0p167","t":299,"s":[109,322.45,0],"e":[109,144.45,0],"to":[0,-29.6666660308838,0],"ti":[0,29.6666660308838,0]},{"i":{"x":0.833,"y":0.833},"o":{"x":0.167,"y":0.167},"n":"0p833_0p833_0p167_0p167","t":309,"s":[109,144.45,0],"e":[109,144.45,0],"to":[0,0,0],"ti":[0,0,0]},{"i":{"x":0.833,"y":0.833},"o":{"x":0.167,"y":0.167},"n":"0p833_0p833_0p167_0p167","t":341,"s":[109,144.45,0],"e":[109,-269.55,0],"to":[0,-69,0],"ti":[0,69,0]},{"i":{"x":0.833,"y":0.833},"o":{"x":0.167,"y":0.167},"n":"0p833_0p833_0p167_0p167","t":351,"s":[109,-269.55,0],"e":[109,-269.55,0],"to":[0,0,0],"ti":[0,0,0]},{"i":{"x":0.833,"y":0.833},"o":{"x":0.167,"y":0.167},"n":"0p833_0p833_0p167_0p167","t":385,"s":[109,-269.55,0],"e":[109,-223.55,0],"to":[0,7.66666650772095,0],"ti":[0,-7.66666650772095,0]},{"t":395}],"ix":2},"a":{"a":0,"k":[7,5.5,0],"ix":1},"s":{"a":1,"k":[{"i":{"x":[0.833,0.833,0.833],"y":[0.833,0.833,0.833]},"o":{"x":[0.167,0.167,0.167],"y":[0.167,0.167,0.167]},"n":["0p833_0p833_0p167_0p167","0p833_0p833_0p167_0p167","0p833_0p833_0p167_0p167"],"t":255,"s":[0,0,100],"e":[95,95,100]},{"i":{"x":[0.833,0.833,0.833],"y":[0.833,0.833,0.833]},"o":{"x":[0.167,0.167,0.167],"y":[0.167,0.167,0.167]},"n":["0p833_0p833_0p167_0p167","0p833_0p833_0p167_0p167","0p833_0p833_0p167_0p167"],"t":262,"s":[95,95,100],"e":[95,95,100]},{"i":{"x":[0.833,0.833,0.833],"y":[0.833,0.833,0.833]},"o":{"x":[0.167,0.167,0.167],"y":[0.167,0.167,0.167]},"n":["0p833_0p833_0p167_0p167","0p833_0p833_0p167_0p167","0p833_0p833_0p167_0p167"],"t":299,"s":[95,95,100],"e":[80,80,100]},{"i":{"x":[0.833,0.833,0.833],"y":[0.833,0.833,0.833]},"o":{"x":[0.167,0.167,0.167],"y":[0.167,0.167,0.167]},"n":["0p833_0p833_0p167_0p167","0p833_0p833_0p167_0p167","0p833_0p833_0p167_0p167"],"t":309,"s":[80,80,100],"e":[80,80,100]},{"i":{"x":[0.833,0.833,0.833],"y":[0.833,0.833,0.833]},"o":{"x":[0.167,0.167,0.167],"y":[0.167,0.167,0.167]},"n":["0p833_0p833_0p167_0p167","0p833_0p833_0p167_0p167","0p833_0p833_0p167_0p167"],"t":341,"s":[80,80,100],"e":[140,140,100]},{"i":{"x":[0.833,0.833,0.833],"y":[0.833,0.833,0.833]},"o":{"x":[0.167,0.167,0.167],"y":[0.167,0.167,0.167]},"n":["0p833_0p833_0p167_0p167","0p833_0p833_0p167_0p167","0p833_0p833_0p167_0p167"],"t":351,"s":[140,140,100],"e":[140,140,100]},{"i":{"x":[0.833,0.833,0.833],"y":[0.833,0.833,0.833]},"o":{"x":[0.167,0.167,0.167],"y":[0.167,0.167,0.167]},"n":["0p833_0p833_0p167_0p167","0p833_0p833_0p167_0p167","0p833_0p833_0p167_0p167"],"t":385,"s":[140,140,100],"e":[102,102,100]},{"t":395}],"ix":6}},"ao":0,"ip":254,"op":420,"st":0,"bm":0},{"ddd":0,"ind":5,"ty":2,"nm":"ReplaceableText6.png","cl":"png","refId":"image_4","sr":1,"ks":{"o":{"a":0,"k":100,"ix":11},"r":{"a":0,"k":0,"ix":10},"p":{"a":1,"k":[{"i":{"x":0.833,"y":0.833},"o":{"x":0.167,"y":0.167},"n":"0p833_0p833_0p167_0p167","t":231,"s":[110,474,0],"e":[110,332,0],"to":[0,-23.6666660308838,0],"ti":[0,23.6666660308838,0]},{"i":{"x":0.833,"y":0.833},"o":{"x":0.167,"y":0.167},"n":"0p833_0p833_0p167_0p167","t":241,"s":[110,332,0],"e":[110,332,0],"to":[0,0,0],"ti":[0,0,0]},{"i":{"x":0.833,"y":0.833},"o":{"x":0.167,"y":0.167},"n":"0p833_0p833_0p167_0p167","t":254,"s":[110,332,0],"e":[110,154,0],"to":[0,-29.6666660308838,0],"ti":[0,29.6666660308838,0]},{"i":{"x":0.833,"y":0.833},"o":{"x":0.167,"y":0.167},"n":"0p833_0p833_0p167_0p167","t":262,"s":[110,154,0],"e":[110,154,0],"to":[0,0,0],"ti":[0,0,0]},{"i":{"x":0.833,"y":0.833},"o":{"x":0.167,"y":0.167},"n":"0p833_0p833_0p167_0p167","t":299,"s":[110,154,0],"e":[110,28,0],"to":[0,-21,0],"ti":[0,21,0]},{"i":{"x":0.833,"y":0.833},"o":{"x":0.167,"y":0.167},"n":"0p833_0p833_0p167_0p167","t":309,"s":[110,28,0],"e":[110,28,0],"to":[0,0,0],"ti":[0,0,0]},{"i":{"x":0.833,"y":0.833},"o":{"x":0.167,"y":0.167},"n":"0p833_0p833_0p167_0p167","t":341,"s":[110,28,0],"e":[110,-604,0],"to":[0,-105.333335876465,0],"ti":[0,105.333335876465,0]},{"i":{"x":0.833,"y":0.833},"o":{"x":0.167,"y":0.167},"n":"0p833_0p833_0p167_0p167","t":351,"s":[110,-604,0],"e":[110,-604,0],"to":[0,0,0],"ti":[0,0,0]},{"i":{"x":0.833,"y":0.833},"o":{"x":0.167,"y":0.167},"n":"0p833_0p833_0p167_0p167","t":385,"s":[110,-604,0],"e":[110,-428,0],"to":[0,29.3333339691162,0],"ti":[0,-29.3333339691162,0]},{"t":395}],"ix":2},"a":{"a":0,"k":[3,10.5,0],"ix":1},"s":{"a":1,"k":[{"i":{"x":[0.833,0.833,0.833],"y":[0.833,0.833,0.833]},"o":{"x":[0.167,0.167,0.167],"y":[0.167,0.167,0.167]},"n":["0p833_0p833_0p167_0p167","0p833_0p833_0p167_0p167","0p833_0p833_0p167_0p167"],"t":231,"s":[0,0,100],"e":[63,63,100]},{"i":{"x":[0.833,0.833,0.833],"y":[0.833,0.833,0.833]},"o":{"x":[0.167,0.167,0.167],"y":[0.167,0.167,0.167]},"n":["0p833_0p833_0p167_0p167","0p833_0p833_0p167_0p167","0p833_0p833_0p167_0p167"],"t":241,"s":[63,63,100],"e":[63,63,100]},{"i":{"x":[0.833,0.833,0.833],"y":[0.833,0.833,0.833]},"o":{"x":[0.167,0.167,0.167],"y":[0.167,0.167,0.167]},"n":["0p833_0p833_0p167_0p167","0p833_0p833_0p167_0p167","0p833_0p833_0p167_0p167"],"t":254,"s":[63,63,100],"e":[44,44,100]},{"i":{"x":[0.833,0.833,0.833],"y":[0.833,0.833,0.833]},"o":{"x":[0.167,0.167,0.167],"y":[0.167,0.167,0.167]},"n":["0p833_0p833_0p167_0p167","0p833_0p833_0p167_0p167","0p833_0p833_0p167_0p167"],"t":262,"s":[44,44,100],"e":[44,44,100]},{"i":{"x":[0.833,0.833,0.833],"y":[0.833,0.833,0.833]},"o":{"x":[0.167,0.167,0.167],"y":[0.167,0.167,0.167]},"n":["0p833_0p833_0p167_0p167","0p833_0p833_0p167_0p167","0p833_0p833_0p167_0p167"],"t":299,"s":[44,44,100],"e":[29,29,100]},{"i":{"x":[0.833,0.833,0.833],"y":[0.833,0.833,0.833]},"o":{"x":[0.167,0.167,0.167],"y":[0.167,0.167,0.167]},"n":["0p833_0p833_0p167_0p167","0p833_0p833_0p167_0p167","0p833_0p833_0p167_0p167"],"t":309,"s":[29,29,100],"e":[29,29,100]},{"i":{"x":[0.833,0.833,0.833],"y":[0.833,0.833,0.833]},"o":{"x":[0.167,0.167,0.167],"y":[0.167,0.167,0.167]},"n":["0p833_0p833_0p167_0p167","0p833_0p833_0p167_0p167","0p833_0p833_0p167_0p167"],"t":341,"s":[29,29,100],"e":[89,89,100]},{"i":{"x":[0.833,0.833,0.833],"y":[0.833,0.833,0.833]},"o":{"x":[0.167,0.167,0.167],"y":[0.167,0.167,0.167]},"n":["0p833_0p833_0p167_0p167","0p833_0p833_0p167_0p167","0p833_0p833_0p167_0p167"],"t":351,"s":[89,89,100],"e":[89,89,100]},{"i":{"x":[0.833,0.833,0.833],"y":[0.833,0.833,0.833]},"o":{"x":[0.167,0.167,0.167],"y":[0.167,0.167,0.167]},"n":["0p833_0p833_0p167_0p167","0p833_0p833_0p167_0p167","0p833_0p833_0p167_0p167"],"t":385,"s":[89,89,100],"e":[51,51,100]},{"t":395}],"ix":6}},"ao":0,"ip":231,"op":420,"st":0,"bm":0},{"ddd":0,"ind":6,"ty":2,"nm":"ReplaceableText5.png","cl":"png","refId":"image_5","sr":1,"ks":{"o":{"a":0,"k":100,"ix":11},"r":{"a":1,"k":[{"i":{"x":[0.833],"y":[0.833]},"o":{"x":[0.167],"y":[0.167]},"n":["0p833_0p833_0p167_0p167"],"t":208,"s":[-90],"e":[0]},{"t":218}],"ix":10},"p":{"a":1,"k":[{"i":{"x":0.833,"y":0.833},"o":{"x":0.167,"y":0.167},"n":"0p833_0p833_0p167_0p167","t":231,"s":[748,533,0],"e":[1114,293,0],"to":[61,-40,0],"ti":[-61,40,0]},{"i":{"x":0.833,"y":0.833},"o":{"x":0.167,"y":0.167},"n":"0p833_0p833_0p167_0p167","t":241,"s":[1114,293,0],"e":[1114,293,0],"to":[0,0,0],"ti":[0,0,0]},{"i":{"x":0.833,"y":0.833},"o":{"x":0.167,"y":0.167},"n":"0p833_0p833_0p167_0p167","t":254,"s":[1114,293,0],"e":[982,115,0],"to":[-22,-29.6666660308838,0],"ti":[22,29.6666660308838,0]},{"i":{"x":0.833,"y":0.833},"o":{"x":0.167,"y":0.167},"n":"0p833_0p833_0p167_0p167","t":262,"s":[982,115,0],"e":[982,115,0],"to":[0,0,0],"ti":[0,0,0]},{"i":{"x":0.833,"y":0.833},"o":{"x":0.167,"y":0.167},"n":"0p833_0p833_0p167_0p167","t":299,"s":[982,115,0],"e":[894,-11,0],"to":[-14.6666669845581,-21,0],"ti":[14.6666669845581,21,0]},{"i":{"x":0.833,"y":0.833},"o":{"x":0.167,"y":0.167},"n":"0p833_0p833_0p167_0p167","t":309,"s":[894,-11,0],"e":[894,-11,0],"to":[0,0,0],"ti":[0,0,0]},{"i":{"x":0.833,"y":0.833},"o":{"x":0.167,"y":0.167},"n":"0p833_0p833_0p167_0p167","t":341,"s":[894,-11,0],"e":[1288,-655,0],"to":[65.6666641235352,-107.333335876465,0],"ti":[-65.6666641235352,107.333335876465,0]},{"i":{"x":0.833,"y":0.833},"o":{"x":0.167,"y":0.167},"n":"0p833_0p833_0p167_0p167","t":351,"s":[1288,-655,0],"e":[1288,-655,0],"to":[0,0,0],"ti":[0,0,0]},{"i":{"x":0.833,"y":0.833},"o":{"x":0.167,"y":0.167},"n":"0p833_0p833_0p167_0p167","t":385,"s":[1288,-655,0],"e":[1040,-479,0],"to":[-41.3333320617676,29.3333339691162,0],"ti":[41.3333320617676,-29.3333339691162,0]},{"t":395}],"ix":2},"a":{"a":0,"k":[655,220.5,0],"ix":1},"s":{"a":1,"k":[{"i":{"x":[0.833,0.833,0.833],"y":[0.833,0.833,0.833]},"o":{"x":[0.167,0.167,0.167],"y":[0.167,0.167,0.167]},"n":["0p833_0p833_0p167_0p167","0p833_0p833_0p167_0p167","0p833_0p833_0p167_0p167"],"t":208,"s":[0,0,100],"e":[99,99,100]},{"i":{"x":[0.833,0.833,0.833],"y":[0.833,0.833,0.833]},"o":{"x":[0.167,0.167,0.167],"y":[0.167,0.167,0.167]},"n":["0p833_0p833_0p167_0p167","0p833_0p833_0p167_0p167","0p833_0p833_0p167_0p167"],"t":218,"s":[99,99,100],"e":[99,99,100]},{"i":{"x":[0.833,0.833,0.833],"y":[0.833,0.833,0.833]},"o":{"x":[0.167,0.167,0.167],"y":[0.167,0.167,0.167]},"n":["0p833_0p833_0p167_0p167","0p833_0p833_0p167_0p167","0p833_0p833_0p167_0p167"],"t":231,"s":[99,99,100],"e":[155,155,100]},{"i":{"x":[0.833,0.833,0.833],"y":[0.833,0.833,0.833]},"o":{"x":[0.167,0.167,0.167],"y":[0.167,0.167,0.167]},"n":["0p833_0p833_0p167_0p167","0p833_0p833_0p167_0p167","0p833_0p833_0p167_0p167"],"t":241,"s":[155,155,100],"e":[155,155,100]},{"i":{"x":[0.833,0.833,0.833],"y":[0.833,0.833,0.833]},"o":{"x":[0.167,0.167,0.167],"y":[0.167,0.167,0.167]},"n":["0p833_0p833_0p167_0p167","0p833_0p833_0p167_0p167","0p833_0p833_0p167_0p167"],"t":254,"s":[155,155,100],"e":[136,136,100]},{"i":{"x":[0.833,0.833,0.833],"y":[0.833,0.833,0.833]},"o":{"x":[0.167,0.167,0.167],"y":[0.167,0.167,0.167]},"n":["0p833_0p833_0p167_0p167","0p833_0p833_0p167_0p167","0p833_0p833_0p167_0p167"],"t":262,"s":[136,136,100],"e":[136,136,100]},{"i":{"x":[0.833,0.833,0.833],"y":[0.833,0.833,0.833]},"o":{"x":[0.167,0.167,0.167],"y":[0.167,0.167,0.167]},"n":["0p833_0p833_0p167_0p167","0p833_0p833_0p167_0p167","0p833_0p833_0p167_0p167"],"t":299,"s":[136,136,100],"e":[121,121,100]},{"i":{"x":[0.833,0.833,0.833],"y":[0.833,0.833,0.833]},"o":{"x":[0.167,0.167,0.167],"y":[0.167,0.167,0.167]},"n":["0p833_0p833_0p167_0p167","0p833_0p833_0p167_0p167","0p833_0p833_0p167_0p167"],"t":309,"s":[121,121,100],"e":[121,121,100]},{"i":{"x":[0.833,0.833,0.833],"y":[0.833,0.833,0.833]},"o":{"x":[0.167,0.167,0.167],"y":[0.167,0.167,0.167]},"n":["0p833_0p833_0p167_0p167","0p833_0p833_0p167_0p167","0p833_0p833_0p167_0p167"],"t":341,"s":[121,121,100],"e":[181,181,100]},{"i":{"x":[0.833,0.833,0.833],"y":[0.833,0.833,0.833]},"o":{"x":[0.167,0.167,0.167],"y":[0.167,0.167,0.167]},"n":["0p833_0p833_0p167_0p167","0p833_0p833_0p167_0p167","0p833_0p833_0p167_0p167"],"t":351,"s":[181,181,100],"e":[181,181,100]},{"i":{"x":[0.833,0.833,0.833],"y":[0.833,0.833,0.833]},"o":{"x":[0.167,0.167,0.167],"y":[0.167,0.167,0.167]},"n":["0p833_0p833_0p167_0p167","0p833_0p833_0p167_0p167","0p833_0p833_0p167_0p167"],"t":385,"s":[181,181,100],"e":[143,143,100]},{"t":395}],"ix":6}},"ao":0,"ip":208,"op":420,"st":0,"bm":0},{"ddd":0,"ind":7,"ty":0,"nm":"1-1-a","refId":"comp_0","sr":1,"ks":{"o":{"a":0,"k":100,"ix":11},"r":{"a":1,"k":[{"i":{"x":[0.833],"y":[0.833]},"o":{"x":[0.167],"y":[0.167]},"n":["0p833_0p833_0p167_0p167"],"t":208,"s":[0],"e":[90]},{"t":218}],"ix":10},"p":{"a":1,"k":[{"i":{"x":0.833,"y":0.833},"o":{"x":0.167,"y":0.167},"n":"0p833_0p833_0p167_0p167","t":208,"s":[748,492,0],"e":[748,544,0],"to":[0,8.66666698455811,0],"ti":[0,-8.66666698455811,0]},{"i":{"x":0.833,"y":0.833},"o":{"x":0.167,"y":0.167},"n":"0p833_0p833_0p167_0p167","t":218,"s":[748,544,0],"e":[748,544,0],"to":[0,0,0],"ti":[0,0,0]},{"i":{"x":0.833,"y":0.833},"o":{"x":0.167,"y":0.167},"n":"0p833_0p833_0p167_0p167","t":231,"s":[748,544,0],"e":[1114,304,0],"to":[61,-40,0],"ti":[-61,40,0]},{"i":{"x":0.833,"y":0.833},"o":{"x":0.167,"y":0.167},"n":"0p833_0p833_0p167_0p167","t":241,"s":[1114,304,0],"e":[1114,304,0],"to":[0,0,0],"ti":[0,0,0]},{"i":{"x":0.833,"y":0.833},"o":{"x":0.167,"y":0.167},"n":"0p833_0p833_0p167_0p167","t":254,"s":[1114,304,0],"e":[982,126,0],"to":[-22,-29.6666660308838,0],"ti":[22,29.6666660308838,0]},{"i":{"x":0.833,"y":0.833},"o":{"x":0.167,"y":0.167},"n":"0p833_0p833_0p167_0p167","t":262,"s":[982,126,0],"e":[982,126,0],"to":[0,0,0],"ti":[0,0,0]},{"i":{"x":0.833,"y":0.833},"o":{"x":0.167,"y":0.167},"n":"0p833_0p833_0p167_0p167","t":299,"s":[982,126,0],"e":[894,0,0],"to":[-14.6666669845581,-21,0],"ti":[14.6666669845581,21,0]},{"i":{"x":0.833,"y":0.833},"o":{"x":0.167,"y":0.167},"n":"0p833_0p833_0p167_0p167","t":309,"s":[894,0,0],"e":[894,0,0],"to":[0,0,0],"ti":[0,0,0]},{"i":{"x":0.833,"y":0.833},"o":{"x":0.167,"y":0.167},"n":"0p833_0p833_0p167_0p167","t":341,"s":[894,0,0],"e":[1288,-644,0],"to":[65.6666641235352,-107.333335876465,0],"ti":[-65.6666641235352,107.333335876465,0]},{"i":{"x":0.833,"y":0.833},"o":{"x":0.167,"y":0.167},"n":"0p833_0p833_0p167_0p167","t":351,"s":[1288,-644,0],"e":[1288,-644,0],"to":[0,0,0],"ti":[0,0,0]},{"i":{"x":0.833,"y":0.833},"o":{"x":0.167,"y":0.167},"n":"0p833_0p833_0p167_0p167","t":385,"s":[1288,-644,0],"e":[1040,-468,0],"to":[-41.3333320617676,29.3333339691162,0],"ti":[41.3333320617676,-29.3333339691162,0]},{"t":395}],"ix":2},"a":{"a":0,"k":[748,492,0],"ix":1},"s":{"a":1,"k":[{"i":{"x":[0.833,0.833,0.833],"y":[0.833,0.833,0.833]},"o":{"x":[0.167,0.167,0.167],"y":[0.167,0.167,0.167]},"n":["0p833_0p833_0p167_0p167","0p833_0p833_0p167_0p167","0p833_0p833_0p167_0p167"],"t":231,"s":[100,100,100],"e":[156,156,100]},{"i":{"x":[0.833,0.833,0.833],"y":[0.833,0.833,0.833]},"o":{"x":[0.167,0.167,0.167],"y":[0.167,0.167,0.167]},"n":["0p833_0p833_0p167_0p167","0p833_0p833_0p167_0p167","0p833_0p833_0p167_0p167"],"t":241,"s":[156,156,100],"e":[156,156,100]},{"i":{"x":[0.833,0.833,0.833],"y":[0.833,0.833,0.833]},"o":{"x":[0.167,0.167,0.167],"y":[0.167,0.167,0.167]},"n":["0p833_0p833_0p167_0p167","0p833_0p833_0p167_0p167","0p833_0p833_0p167_0p167"],"t":254,"s":[156,156,100],"e":[137,137,100]},{"i":{"x":[0.833,0.833,0.833],"y":[0.833,0.833,0.833]},"o":{"x":[0.167,0.167,0.167],"y":[0.167,0.167,0.167]},"n":["0p833_0p833_0p167_0p167","0p833_0p833_0p167_0p167","0p833_0p833_0p167_0p167"],"t":262,"s":[137,137,100],"e":[137,137,100]},{"i":{"x":[0.833,0.833,0.833],"y":[0.833,0.833,0.833]},"o":{"x":[0.167,0.167,0.167],"y":[0.167,0.167,0.167]},"n":["0p833_0p833_0p167_0p167","0p833_0p833_0p167_0p167","0p833_0p833_0p167_0p167"],"t":299,"s":[137,137,100],"e":[122,122,100]},{"i":{"x":[0.833,0.833,0.833],"y":[0.833,0.833,0.833]},"o":{"x":[0.167,0.167,0.167],"y":[0.167,0.167,0.167]},"n":["0p833_0p833_0p167_0p167","0p833_0p833_0p167_0p167","0p833_0p833_0p167_0p167"],"t":309,"s":[122,122,100],"e":[122,122,100]},{"i":{"x":[0.833,0.833,0.833],"y":[0.833,0.833,0.833]},"o":{"x":[0.167,0.167,0.167],"y":[0.167,0.167,0.167]},"n":["0p833_0p833_0p167_0p167","0p833_0p833_0p167_0p167","0p833_0p833_0p167_0p167"],"t":341,"s":[122,122,100],"e":[182,182,100]},{"i":{"x":[0.833,0.833,0.833],"y":[0.833,0.833,0.833]},"o":{"x":[0.167,0.167,0.167],"y":[0.167,0.167,0.167]},"n":["0p833_0p833_0p167_0p167","0p833_0p833_0p167_0p167","0p833_0p833_0p167_0p167"],"t":351,"s":[182,182,100],"e":[182,182,100]},{"i":{"x":[0.833,0.833,0.833],"y":[0.833,0.833,0.833]},"o":{"x":[0.167,0.167,0.167],"y":[0.167,0.167,0.167]},"n":["0p833_0p833_0p167_0p167","0p833_0p833_0p167_0p167","0p833_0p833_0p167_0p167"],"t":385,"s":[182,182,100],"e":[144,144,100]},{"t":395}],"ix":6}},"ao":0,"w":852,"h":852,"ip":0,"op":420,"st":0,"bm":0},{"ddd":0,"ind":8,"ty":4,"nm":"形状图层 1","sr":1,"ks":{"o":{"a":0,"k":100,"ix":11},"r":{"a":0,"k":0,"ix":10},"p":{"a":0,"k":[426,428,0],"ix":2},"a":{"a":0,"k":[0,0,0],"ix":1},"s":{"a":0,"k":[100,100,100],"ix":6}},"ao":0,"shapes":[{"ty":"gr","it":[{"ty":"rc","d":1,"s":{"a":0,"k":[852,852],"ix":2},"p":{"a":0,"k":[0,0],"ix":3},"r":{"a":0,"k":0,"ix":4},"nm":"矩形路径 1","mn":"ADBE Vector Shape - Rect","hd":false},{"ty":"fl","c":{"a":0,"k":[1,1,1,1],"ix":4},"o":{"a":0,"k":100,"ix":5},"r":1,"nm":"填充 1","mn":"ADBE Vector Graphic - Fill","hd":false},{"ty":"tr","p":{"a":0,"k":[0,-2],"ix":2},"a":{"a":0,"k":[0,0],"ix":1},"s":{"a":0,"k":[100,100],"ix":3},"r":{"a":0,"k":0,"ix":6},"o":{"a":0,"k":100,"ix":7},"sk":{"a":0,"k":0,"ix":4},"sa":{"a":0,"k":0,"ix":5},"nm":"变换"}],"nm":"矩形 1","np":3,"cix":2,"ix":1,"mn":"ADBE Vector Group","hd":false}],"ip":0,"op":420,"st":0,"bm":0}],"markers":[]}
